LOCATION;INDICATOR;SUBJECT;MEASURE;FREQUENCY;TIME;Value;Flag Codes
AUS;GDP;TOT;USD_CAP;A;1960;2409195491;
AUS;GDP;TOT;USD_CAP;A;1961;2379705491;
AUS;GDP;TOT;USD_CAP;A;1962;2573580478;
AUS;GDP;TOT;USD_CAP;A;1963;2748475664;
AUS;GDP;TOT;USD_CAP;A;1964;2898460541;
AUS;GDP;TOT;USD_CAP;A;1965;2997714205;
AUS;GDP;TOT;USD_CAP;A;1966;3270894847;
AUS;GDP;TOT;USD_CAP;A;1967;3442171342;
AUS;GDP;TOT;USD_CAP;A;1968;3827600452;
AUS;GDP;TOT;USD_CAP;A;1969;420174299;
AUS;GDP;TOT;USD_CAP;A;1970;4639342662;
AUS;GDP;TOT;USD_CAP;A;1971;4850462534;
AUS;GDP;TOT;USD_CAP;A;1972;5196219988;
AUS;GDP;TOT;USD_CAP;A;1973;5780332232;
AUS;GDP;TOT;USD_CAP;A;1974;6229332791;
AUS;GDP;TOT;USD_CAP;A;1975;6920647946;
AUS;GDP;TOT;USD_CAP;A;1976;7377136633;
AUS;GDP;TOT;USD_CAP;A;1977;7707309245;
AUS;GDP;TOT;USD_CAP;A;1978;8530852646;
AUS;GDP;TOT;USD_CAP;A;1979;9431085927;
AUS;GDP;TOT;USD_CAP;A;1980;1045007421;
AUS;GDP;TOT;USD_CAP;A;1981;1192442216;
AUS;GDP;TOT;USD_CAP;A;1982;1195906209;
AUS;GDP;TOT;USD_CAP;A;1983;1274259392;
AUS;GDP;TOT;USD_CAP;A;1984;1355888719;
AUS;GDP;TOT;USD_CAP;A;1985;1449543076;
AUS;GDP;TOT;USD_CAP;A;1986;1492138579;
AUS;GDP;TOT;USD_CAP;A;1987;1603794566;
AUS;GDP;TOT;USD_CAP;A;1988;1707350988;
AUS;GDP;TOT;USD_CAP;A;1989;1779014102;
AUS;GDP;TOT;USD_CAP;A;1990;1778532815;
AUS;GDP;TOT;USD_CAP;A;1991;1813243296;
AUS;GDP;TOT;USD_CAP;A;1992;1910904816;
AUS;GDP;TOT;USD_CAP;A;1993;2013347355;
AUS;GDP;TOT;USD_CAP;A;1994;2136480858;
AUS;GDP;TOT;USD_CAP;A;1995;2237299337;
AUS;GDP;TOT;USD_CAP;A;1996;2323466723;
AUS;GDP;TOT;USD_CAP;A;1997;2441368059;
AUS;GDP;TOT;USD_CAP;A;1998;2565693175;
AUS;GDP;TOT;USD_CAP;A;1999;2709822128;
AUS;GDP;TOT;USD_CAP;A;2000;28260391;
AUS;GDP;TOT;USD_CAP;A;2001;2945358552;
AUS;GDP;TOT;USD_CAP;A;2002;307409629;
AUS;GDP;TOT;USD_CAP;A;2003;3220398217;
AUS;GDP;TOT;USD_CAP;A;2004;3388662449;
AUS;GDP;TOT;USD_CAP;A;2005;3557080802;
AUS;GDP;TOT;USD_CAP;A;2006;3786257061;
AUS;GDP;TOT;USD_CAP;A;2007;3961285651;
AUS;GDP;TOT;USD_CAP;A;2008;4009483321;
AUS;GDP;TOT;USD_CAP;A;2009;4161363616;
AUS;GDP;TOT;USD_CAP;A;2010;4281213612;
AUS;GDP;TOT;USD_CAP;A;2011;4441930975;
AUS;GDP;TOT;USD_CAP;A;2012;4387918036;
AUS;GDP;TOT;USD_CAP;A;2013;4776121406;
AUS;GDP;TOT;USD_CAP;A;2014;4763863344;
AUS;GDP;TOT;USD_CAP;A;2015;4735104729;
AUS;GDP;TOT;USD_CAP;A;2016;5026260644;
AUT;GDP;TOT;USD_CAP;A;1970;382361049;E
AUT;GDP;TOT;USD_CAP;A;1971;4203710914;E
AUT;GDP;TOT;USD_CAP;A;1972;4631120403;E
AUT;GDP;TOT;USD_CAP;A;1973;5095273075;E
AUT;GDP;TOT;USD_CAP;A;1974;5762932267;E
AUT;GDP;TOT;USD_CAP;A;1975;6290473623;E
AUT;GDP;TOT;USD_CAP;A;1976;695234804;E
AUT;GDP;TOT;USD_CAP;A;1977;7756466328;E
AUT;GDP;TOT;USD_CAP;A;1978;8291264657;E
AUT;GDP;TOT;USD_CAP;A;1979;9476283505;E
AUT;GDP;TOT;USD_CAP;A;1980;1051117056;E
AUT;GDP;TOT;USD_CAP;A;1981;1145989211;E
AUT;GDP;TOT;USD_CAP;A;1982;1240373833;E
AUT;GDP;TOT;USD_CAP;A;1983;1329424904;E
AUT;GDP;TOT;USD_CAP;A;1984;1378179818;E
AUT;GDP;TOT;USD_CAP;A;1985;1456605455;E
AUT;GDP;TOT;USD_CAP;A;1986;1519171361;E
AUT;GDP;TOT;USD_CAP;A;1987;1576862018;E
AUT;GDP;TOT;USD_CAP;A;1988;1683903959;E
AUT;GDP;TOT;USD_CAP;A;1989;1809767958;E
AUT;GDP;TOT;USD_CAP;A;1990;1944231714;E
AUT;GDP;TOT;USD_CAP;A;1991;2058501539;E
AUT;GDP;TOT;USD_CAP;A;1992;2125963677;E
AUT;GDP;TOT;USD_CAP;A;1993;2169832103;E
AUT;GDP;TOT;USD_CAP;A;1994;226068345;E
AUT;GDP;TOT;USD_CAP;A;1995;2366040198;
AUT;GDP;TOT;USD_CAP;A;1996;2452920805;
AUT;GDP;TOT;USD_CAP;A;1997;2542406297;
AUT;GDP;TOT;USD_CAP;A;1998;2667459686;
AUT;GDP;TOT;USD_CAP;A;1999;2760648424;
AUT;GDP;TOT;USD_CAP;A;2000;2938007482;
AUT;GDP;TOT;USD_CAP;A;2001;2971520802;
AUT;GDP;TOT;USD_CAP;A;2002;3117805144;
AUT;GDP;TOT;USD_CAP;A;2003;3212121651;
AUT;GDP;TOT;USD_CAP;A;2004;3375347239;
AUT;GDP;TOT;USD_CAP;A;2005;3502455748;
AUT;GDP;TOT;USD_CAP;A;2006;3762624549;
AUT;GDP;TOT;USD_CAP;A;2007;3939395357;
AUT;GDP;TOT;USD_CAP;A;2008;4131602264;
AUT;GDP;TOT;USD_CAP;A;2009;409355288;
AUT;GDP;TOT;USD_CAP;A;2010;4201779654;
AUT;GDP;TOT;USD_CAP;A;2011;4446920964;
AUT;GDP;TOT;USD_CAP;A;2012;4647765508;
AUT;GDP;TOT;USD_CAP;A;2013;4793667796;
AUT;GDP;TOT;USD_CAP;A;2014;4881353441;
AUT;GDP;TOT;USD_CAP;A;2015;4995390058;
AUT;GDP;TOT;USD_CAP;A;2016;516369867;
BEL;GDP;TOT;USD_CAP;A;1970;3890888241;E
BEL;GDP;TOT;USD_CAP;A;1971;4226204321;E
BEL;GDP;TOT;USD_CAP;A;1972;4623402061;E
BEL;GDP;TOT;USD_CAP;A;1973;5159918028;E
BEL;GDP;TOT;USD_CAP;A;1974;5842441747;E
BEL;GDP;TOT;USD_CAP;A;1975;6281531554;E
BEL;GDP;TOT;USD_CAP;A;1976;6990430468;E
BEL;GDP;TOT;USD_CAP;A;1977;746289291;E
BEL;GDP;TOT;USD_CAP;A;1978;8208141697;E
BEL;GDP;TOT;USD_CAP;A;1979;9090764106;E
BEL;GDP;TOT;USD_CAP;A;1980;1031921893;E
BEL;GDP;TOT;USD_CAP;A;1981;1126523771;E
BEL;GDP;TOT;USD_CAP;A;1982;1203483831;E
BEL;GDP;TOT;USD_CAP;A;1983;1254776159;E
BEL;GDP;TOT;USD_CAP;A;1984;1331973857;E
BEL;GDP;TOT;USD_CAP;A;1985;1396510625;E
BEL;GDP;TOT;USD_CAP;A;1986;145030833;E
BEL;GDP;TOT;USD_CAP;A;1987;1518753386;E
BEL;GDP;TOT;USD_CAP;A;1988;1640938032;E
BEL;GDP;TOT;USD_CAP;A;1989;175803671;E
BEL;GDP;TOT;USD_CAP;A;1990;1875783393;E
BEL;GDP;TOT;USD_CAP;A;1991;1967265498;E
BEL;GDP;TOT;USD_CAP;A;1992;2034559257;E
BEL;GDP;TOT;USD_CAP;A;1993;2054754072;E
BEL;GDP;TOT;USD_CAP;A;1994;2159928537;E
BEL;GDP;TOT;USD_CAP;A;1995;2253130387;
BEL;GDP;TOT;USD_CAP;A;1996;2289027533;
BEL;GDP;TOT;USD_CAP;A;1997;2392808397;
BEL;GDP;TOT;USD_CAP;A;1998;2456399157;
BEL;GDP;TOT;USD_CAP;A;1999;2564332017;
BEL;GDP;TOT;USD_CAP;A;2000;2798914269;
BEL;GDP;TOT;USD_CAP;A;2001;2895726948;
BEL;GDP;TOT;USD_CAP;A;2002;3048215989;
BEL;GDP;TOT;USD_CAP;A;2003;3105682173;
BEL;GDP;TOT;USD_CAP;A;2004;322383876;
BEL;GDP;TOT;USD_CAP;A;2005;3333111566;
BEL;GDP;TOT;USD_CAP;A;2006;3538611214;
BEL;GDP;TOT;USD_CAP;A;2007;3687158788;
BEL;GDP;TOT;USD_CAP;A;2008;381334023;
BEL;GDP;TOT;USD_CAP;A;2009;3801054892;
BEL;GDP;TOT;USD_CAP;A;2010;4005043693;
BEL;GDP;TOT;USD_CAP;A;2011;4145036053;
BEL;GDP;TOT;USD_CAP;A;2012;4258515311;
BEL;GDP;TOT;USD_CAP;A;2013;4374595156;
BEL;GDP;TOT;USD_CAP;A;2014;4472045806;
BEL;GDP;TOT;USD_CAP;A;2015;4572892326;
BEL;GDP;TOT;USD_CAP;A;2016;473726025;
CAN;GDP;TOT;USD_CAP;A;1970;4543392079;E
CAN;GDP;TOT;USD_CAP;A;1971;4906484322;E
CAN;GDP;TOT;USD_CAP;A;1972;5335038035;E
CAN;GDP;TOT;USD_CAP;A;1973;5946150068;E
CAN;GDP;TOT;USD_CAP;A;1974;6627279795;E
CAN;GDP;TOT;USD_CAP;A;1975;7266319522;E
CAN;GDP;TOT;USD_CAP;A;1976;7959380674;E
CAN;GDP;TOT;USD_CAP;A;1977;8644524533;E
CAN;GDP;TOT;USD_CAP;A;1978;9523102803;E
CAN;GDP;TOT;USD_CAP;A;1979;1060017439;E
CAN;GDP;TOT;USD_CAP;A;1980;1165634765;E
CAN;GDP;TOT;USD_CAP;A;1981;1304438014;
CAN;GDP;TOT;USD_CAP;A;1982;1324825529;
CAN;GDP;TOT;USD_CAP;A;1983;1398597391;
CAN;GDP;TOT;USD_CAP;A;1984;1520494455;
CAN;GDP;TOT;USD_CAP;A;1985;162789366;
CAN;GDP;TOT;USD_CAP;A;1986;1679797405;
CAN;GDP;TOT;USD_CAP;A;1987;1768379435;
CAN;GDP;TOT;USD_CAP;A;1988;1887220004;
CAN;GDP;TOT;USD_CAP;A;1989;1971098852;
CAN;GDP;TOT;USD_CAP;A;1990;2017393979;
CAN;GDP;TOT;USD_CAP;A;1991;2016072212;
CAN;GDP;TOT;USD_CAP;A;1992;2055745818;
CAN;GDP;TOT;USD_CAP;A;1993;2136719801;
CAN;GDP;TOT;USD_CAP;A;1994;2255569967;
CAN;GDP;TOT;USD_CAP;A;1995;2340188212;
CAN;GDP;TOT;USD_CAP;A;1996;2396250006;
CAN;GDP;TOT;USD_CAP;A;1997;2516757511;
CAN;GDP;TOT;USD_CAP;A;1998;2622027574;
CAN;GDP;TOT;USD_CAP;A;1999;2774575131;
CAN;GDP;TOT;USD_CAP;A;2000;2926501223;
CAN;GDP;TOT;USD_CAP;A;2001;3010795216;
CAN;GDP;TOT;USD_CAP;A;2002;3085482303;
CAN;GDP;TOT;USD_CAP;A;2003;3222743706;
CAN;GDP;TOT;USD_CAP;A;2004;3379977659;
CAN;GDP;TOT;USD_CAP;A;2005;3621264356;
CAN;GDP;TOT;USD_CAP;A;2006;3799983104;
CAN;GDP;TOT;USD_CAP;A;2007;3944113768;
CAN;GDP;TOT;USD_CAP;A;2008;4027761824;
CAN;GDP;TOT;USD_CAP;A;2009;3879776918;
CAN;GDP;TOT;USD_CAP;A;2010;4001192778;
CAN;GDP;TOT;USD_CAP;A;2011;4156525893;
CAN;GDP;TOT;USD_CAP;A;2012;4214510409;
CAN;GDP;TOT;USD_CAP;A;2013;4410143059;
CAN;GDP;TOT;USD_CAP;A;2014;4551987193;
CAN;GDP;TOT;USD_CAP;A;2015;4440670191;
CAN;GDP;TOT;USD_CAP;A;2016;4481911087;
CZE;GDP;TOT;USD_CAP;A;1990;126239525;E
CZE;GDP;TOT;USD_CAP;A;1991;1159550223;E
CZE;GDP;TOT;USD_CAP;A;1992;1178924287;E
CZE;GDP;TOT;USD_CAP;A;1993;1206107138;E
CZE;GDP;TOT;USD_CAP;A;1994;1267019469;E
CZE;GDP;TOT;USD_CAP;A;1995;137478465;
CZE;GDP;TOT;USD_CAP;A;1996;1458327468;
CZE;GDP;TOT;USD_CAP;A;1997;1473131443;
CZE;GDP;TOT;USD_CAP;A;1998;149055729;
CZE;GDP;TOT;USD_CAP;A;1999;1532570992;
CZE;GDP;TOT;USD_CAP;A;2000;1616331699;
CZE;GDP;TOT;USD_CAP;A;2001;1754146157;
CZE;GDP;TOT;USD_CAP;A;2002;1818235455;
CZE;GDP;TOT;USD_CAP;A;2003;194115128;
CZE;GDP;TOT;USD_CAP;A;2004;2077914253;
CZE;GDP;TOT;USD_CAP;A;2005;219073056;
CZE;GDP;TOT;USD_CAP;A;2006;2371224244;
CZE;GDP;TOT;USD_CAP;A;2007;2606450658;
CZE;GDP;TOT;USD_CAP;A;2008;2772441877;
CZE;GDP;TOT;USD_CAP;A;2009;2747419799;
CZE;GDP;TOT;USD_CAP;A;2010;2755474286;
CZE;GDP;TOT;USD_CAP;A;2011;2879581603;
CZE;GDP;TOT;USD_CAP;A;2012;2905139042;
CZE;GDP;TOT;USD_CAP;A;2013;3049602004;
CZE;GDP;TOT;USD_CAP;A;2014;3226504516;
CZE;GDP;TOT;USD_CAP;A;2015;33701384;
CZE;GDP;TOT;USD_CAP;A;2016;3523401708;
DNK;GDP;TOT;USD_CAP;A;1966;3478762434;
DNK;GDP;TOT;USD_CAP;A;1967;3688285602;
DNK;GDP;TOT;USD_CAP;A;1968;4005792223;
DNK;GDP;TOT;USD_CAP;A;1969;4487227813;
DNK;GDP;TOT;USD_CAP;A;1970;4241825539;
DNK;GDP;TOT;USD_CAP;A;1971;4567655114;
DNK;GDP;TOT;USD_CAP;A;1972;4923571744;
DNK;GDP;TOT;USD_CAP;A;1973;5373645282;
DNK;GDP;TOT;USD_CAP;A;1974;5765057887;
DNK;GDP;TOT;USD_CAP;A;1975;6188903894;
DNK;GDP;TOT;USD_CAP;A;1976;6898624738;
DNK;GDP;TOT;USD_CAP;A;1977;7440834053;
DNK;GDP;TOT;USD_CAP;A;1978;811600079;
DNK;GDP;TOT;USD_CAP;A;1979;9106228134;
DNK;GDP;TOT;USD_CAP;A;1980;9869271777;
DNK;GDP;TOT;USD_CAP;A;1981;1073534707;
DNK;GDP;TOT;USD_CAP;A;1982;1182783599;
DNK;GDP;TOT;USD_CAP;A;1983;126200534;
DNK;GDP;TOT;USD_CAP;A;1984;1362808276;
DNK;GDP;TOT;USD_CAP;A;1985;1461622462;
DNK;GDP;TOT;USD_CAP;A;1986;1562044737;
DNK;GDP;TOT;USD_CAP;A;1987;1602544508;
DNK;GDP;TOT;USD_CAP;A;1988;1657877027;
DNK;GDP;TOT;USD_CAP;A;1989;1733311912;
DNK;GDP;TOT;USD_CAP;A;1990;1821883324;
DNK;GDP;TOT;USD_CAP;A;1991;1904556898;
DNK;GDP;TOT;USD_CAP;A;1992;1979552434;
DNK;GDP;TOT;USD_CAP;A;1993;2019639321;
DNK;GDP;TOT;USD_CAP;A;1994;2165667148;
DNK;GDP;TOT;USD_CAP;A;1995;2267567237;
DNK;GDP;TOT;USD_CAP;A;1996;2371586012;
DNK;GDP;TOT;USD_CAP;A;1997;2492574618;
DNK;GDP;TOT;USD_CAP;A;1998;2581958153;
DNK;GDP;TOT;USD_CAP;A;1999;266578328;
DNK;GDP;TOT;USD_CAP;A;2000;2867078158;
DNK;GDP;TOT;USD_CAP;A;2001;2945941676;
DNK;GDP;TOT;USD_CAP;A;2002;306399531;
DNK;GDP;TOT;USD_CAP;A;2003;3078952148;
DNK;GDP;TOT;USD_CAP;A;2004;3291796331;
DNK;GDP;TOT;USD_CAP;A;2005;34152878;
DNK;GDP;TOT;USD_CAP;A;2006;3729751925;
DNK;GDP;TOT;USD_CAP;A;2007;3897877412;
DNK;GDP;TOT;USD_CAP;A;2008;4128299749;
DNK;GDP;TOT;USD_CAP;A;2009;4034038474;
DNK;GDP;TOT;USD_CAP;A;2010;4300492224;
DNK;GDP;TOT;USD_CAP;A;2011;4440795138;
DNK;GDP;TOT;USD_CAP;A;2012;4480854321;
DNK;GDP;TOT;USD_CAP;A;2013;4674293884;
DNK;GDP;TOT;USD_CAP;A;2014;479054773;
DNK;GDP;TOT;USD_CAP;A;2015;4907129972;
DNK;GDP;TOT;USD_CAP;A;2016;5068543083;
FIN;GDP;TOT;USD_CAP;A;1970;3387778441;E
FIN;GDP;TOT;USD_CAP;A;1971;3638665155;E
FIN;GDP;TOT;USD_CAP;A;1972;40649131;E
FIN;GDP;TOT;USD_CAP;A;1973;4561548397;E
FIN;GDP;TOT;USD_CAP;A;1974;5105594006;E
FIN;GDP;TOT;USD_CAP;A;1975;565460168;E
FIN;GDP;TOT;USD_CAP;A;1976;5968226734;E
FIN;GDP;TOT;USD_CAP;A;1977;6336537421;E
FIN;GDP;TOT;USD_CAP;A;1978;6960285379;E
FIN;GDP;TOT;USD_CAP;A;1979;8053910134;E
FIN;GDP;TOT;USD_CAP;A;1980;9226000345;
FIN;GDP;TOT;USD_CAP;A;1981;1018605058;
FIN;GDP;TOT;USD_CAP;A;1982;1108714174;
FIN;GDP;TOT;USD_CAP;A;1983;1181027801;
FIN;GDP;TOT;USD_CAP;A;1984;125623875;
FIN;GDP;TOT;USD_CAP;A;1985;1336217212;
FIN;GDP;TOT;USD_CAP;A;1986;1395732517;
FIN;GDP;TOT;USD_CAP;A;1987;1476971309;
FIN;GDP;TOT;USD_CAP;A;1988;1604049684;
FIN;GDP;TOT;USD_CAP;A;1989;1745426298;
FIN;GDP;TOT;USD_CAP;A;1990;1814957202;
FIN;GDP;TOT;USD_CAP;A;1991;1755747672;
FIN;GDP;TOT;USD_CAP;A;1992;1726312972;
FIN;GDP;TOT;USD_CAP;A;1993;1745785629;
FIN;GDP;TOT;USD_CAP;A;1994;1845327732;
FIN;GDP;TOT;USD_CAP;A;1995;1955789159;
FIN;GDP;TOT;USD_CAP;A;1996;2005755367;
FIN;GDP;TOT;USD_CAP;A;1997;217787953;
FIN;GDP;TOT;USD_CAP;A;1998;2355855207;
FIN;GDP;TOT;USD_CAP;A;1999;24768.53;
FIN;GDP;TOT;USD_CAP;A;2000;267529318;
FIN;GDP;TOT;USD_CAP;A;2001;2777062941;
FIN;GDP;TOT;USD_CAP;A;2002;2856717181;
FIN;GDP;TOT;USD_CAP;A;2003;2898497356;
FIN;GDP;TOT;USD_CAP;A;2004;3111797761;
FIN;GDP;TOT;USD_CAP;A;2005;319933762;
FIN;GDP;TOT;USD_CAP;A;2006;3436281918;
FIN;GDP;TOT;USD_CAP;A;2007;3770331513;
FIN;GDP;TOT;USD_CAP;A;2008;3996939226;
FIN;GDP;TOT;USD_CAP;A;2009;3782981331;
FIN;GDP;TOT;USD_CAP;A;2010;3873706859;
FIN;GDP;TOT;USD_CAP;A;2011;4068333742;
FIN;GDP;TOT;USD_CAP;A;2012;4061993702;
FIN;GDP;TOT;USD_CAP;A;2013;4129329362;
FIN;GDP;TOT;USD_CAP;A;2014;4146271674;
FIN;GDP;TOT;USD_CAP;A;2015;4221348887;
FIN;GDP;TOT;USD_CAP;A;2016;437299942;
FRA;GDP;TOT;USD_CAP;A;1960;1807175059;
FRA;GDP;TOT;USD_CAP;A;1961;1892960772;
FRA;GDP;TOT;USD_CAP;A;1962;2036181205;
FRA;GDP;TOT;USD_CAP;A;1963;2138997489;
FRA;GDP;TOT;USD_CAP;A;1964;2294496424;
FRA;GDP;TOT;USD_CAP;A;1965;2456145844;
FRA;GDP;TOT;USD_CAP;A;1966;2654479048;
FRA;GDP;TOT;USD_CAP;A;1967;2838087508;
FRA;GDP;TOT;USD_CAP;A;1968;3090801782;
FRA;GDP;TOT;USD_CAP;A;1969;3480062658;
FRA;GDP;TOT;USD_CAP;A;1970;3687886138;
FRA;GDP;TOT;USD_CAP;A;1971;4042323312;
FRA;GDP;TOT;USD_CAP;A;1972;4368325089;
FRA;GDP;TOT;USD_CAP;A;1973;4860904402;
FRA;GDP;TOT;USD_CAP;A;1974;549027142;
FRA;GDP;TOT;USD_CAP;A;1975;5913692353;
FRA;GDP;TOT;USD_CAP;A;1976;6484877778;
FRA;GDP;TOT;USD_CAP;A;1977;7094192655;
FRA;GDP;TOT;USD_CAP;A;1978;7860746123;
FRA;GDP;TOT;USD_CAP;A;1979;8776733597;
FRA;GDP;TOT;USD_CAP;A;1980;9670567054;
FRA;GDP;TOT;USD_CAP;A;1981;1063840592;
FRA;GDP;TOT;USD_CAP;A;1982;1150916411;
FRA;GDP;TOT;USD_CAP;A;1983;120431847;
FRA;GDP;TOT;USD_CAP;A;1984;1260498923;
FRA;GDP;TOT;USD_CAP;A;1985;1314886888;
FRA;GDP;TOT;USD_CAP;A;1986;1365729031;
FRA;GDP;TOT;USD_CAP;A;1987;1427579848;
FRA;GDP;TOT;USD_CAP;A;1988;1539140694;
FRA;GDP;TOT;USD_CAP;A;1989;1659050194;
FRA;GDP;TOT;USD_CAP;A;1990;1761809505;
FRA;GDP;TOT;USD_CAP;A;1991;183130182;
FRA;GDP;TOT;USD_CAP;A;1992;1893580143;
FRA;GDP;TOT;USD_CAP;A;1993;191791345;
FRA;GDP;TOT;USD_CAP;A;1994;1997628173;
FRA;GDP;TOT;USD_CAP;A;1995;2074960291;
FRA;GDP;TOT;USD_CAP;A;1996;2133541475;
FRA;GDP;TOT;USD_CAP;A;1997;2224506527;
FRA;GDP;TOT;USD_CAP;A;1998;2336305383;
FRA;GDP;TOT;USD_CAP;A;1999;2431140386;
FRA;GDP;TOT;USD_CAP;A;2000;2609831569;
FRA;GDP;TOT;USD_CAP;A;2001;2750576059;
FRA;GDP;TOT;USD_CAP;A;2002;2852815611;
FRA;GDP;TOT;USD_CAP;A;2003;281459429;
FRA;GDP;TOT;USD_CAP;A;2004;2903856756;
FRA;GDP;TOT;USD_CAP;A;2005;3050405878;
FRA;GDP;TOT;USD_CAP;A;2006;3244118078;
FRA;GDP;TOT;USD_CAP;A;2007;3409540747;
FRA;GDP;TOT;USD_CAP;A;2008;3510287043;
FRA;GDP;TOT;USD_CAP;A;2009;3469323638;
FRA;GDP;TOT;USD_CAP;A;2010;3590916233;
FRA;GDP;TOT;USD_CAP;A;2011;3744794954;
FRA;GDP;TOT;USD_CAP;A;2012;3768419807;
FRA;GDP;TOT;USD_CAP;A;2013;3952847364;
FRA;GDP;TOT;USD_CAP;A;2014;4014405949;
FRA;GDP;TOT;USD_CAP;A;2015;4086110057;
FRA;GDP;TOT;USD_CAP;A;2016;4202985233;P
DEU;GDP;TOT;USD_CAP;A;1970;4036886374;E
DEU;GDP;TOT;USD_CAP;A;1971;4338885541;E
DEU;GDP;TOT;USD_CAP;A;1972;4698906358;E
DEU;GDP;TOT;USD_CAP;A;1973;5177341024;E
DEU;GDP;TOT;USD_CAP;A;1974;5691804468;E
DEU;GDP;TOT;USD_CAP;A;1975;6188619448;E
DEU;GDP;TOT;USD_CAP;A;1976;6884023435;E
DEU;GDP;TOT;USD_CAP;A;1977;7571187317;E
DEU;GDP;TOT;USD_CAP;A;1978;8356405494;E
DEU;GDP;TOT;USD_CAP;A;1979;9422643112;E
DEU;GDP;TOT;USD_CAP;A;1980;1039205642;E
DEU;GDP;TOT;USD_CAP;A;1981;1141880427;E
DEU;GDP;TOT;USD_CAP;A;1982;1208920714;E
DEU;GDP;TOT;USD_CAP;A;1983;1279504226;E
DEU;GDP;TOT;USD_CAP;A;1984;1367920743;E
DEU;GDP;TOT;USD_CAP;A;1985;1447341299;E
DEU;GDP;TOT;USD_CAP;A;1986;1509833892;E
DEU;GDP;TOT;USD_CAP;A;1987;1568292789;E
DEU;GDP;TOT;USD_CAP;A;1988;1675246973;E
DEU;GDP;TOT;USD_CAP;A;1989;1795838095;E
DEU;GDP;TOT;USD_CAP;A;1990;1943991612;E
DEU;GDP;TOT;USD_CAP;A;1991;2096309023;
DEU;GDP;TOT;USD_CAP;A;1992;2171023538;
DEU;GDP;TOT;USD_CAP;A;1993;2189082436;
DEU;GDP;TOT;USD_CAP;A;1994;2285096028;
DEU;GDP;TOT;USD_CAP;A;1995;236885005;
DEU;GDP;TOT;USD_CAP;A;1996;2424240901;
DEU;GDP;TOT;USD_CAP;A;1997;2480319719;
DEU;GDP;TOT;USD_CAP;A;1998;2558003064;
DEU;GDP;TOT;USD_CAP;A;1999;2657973908;
DEU;GDP;TOT;USD_CAP;A;2000;2755096773;
DEU;GDP;TOT;USD_CAP;A;2001;2876684563;
DEU;GDP;TOT;USD_CAP;A;2002;2965421869;
DEU;GDP;TOT;USD_CAP;A;2003;3035228136;
DEU;GDP;TOT;USD_CAP;A;2004;3182630826;
DEU;GDP;TOT;USD_CAP;A;2005;3241354006;
DEU;GDP;TOT;USD_CAP;A;2006;34749443;
DEU;GDP;TOT;USD_CAP;A;2007;37024371;
DEU;GDP;TOT;USD_CAP;A;2008;3866260613;
DEU;GDP;TOT;USD_CAP;A;2009;3769568517;
DEU;GDP;TOT;USD_CAP;A;2010;3991613651;
DEU;GDP;TOT;USD_CAP;A;2011;4269250173;
DEU;GDP;TOT;USD_CAP;A;2012;4356407389;
DEU;GDP;TOT;USD_CAP;A;2013;4523197175;
DEU;GDP;TOT;USD_CAP;A;2014;4719049763;
DEU;GDP;TOT;USD_CAP;A;2015;4797924141;
DEU;GDP;TOT;USD_CAP;A;2016;4992110814;
GRC;GDP;TOT;USD_CAP;A;1970;309418256;E
GRC;GDP;TOT;USD_CAP;A;1971;3490886431;E
GRC;GDP;TOT;USD_CAP;A;1972;3985624455;E
GRC;GDP;TOT;USD_CAP;A;1973;4523876381;E
GRC;GDP;TOT;USD_CAP;A;1974;4596495459;E
GRC;GDP;TOT;USD_CAP;A;1975;5292432681;E
GRC;GDP;TOT;USD_CAP;A;1976;5887526017;E
GRC;GDP;TOT;USD_CAP;A;1977;6339760168;E
GRC;GDP;TOT;USD_CAP;A;1978;7183216331;E
GRC;GDP;TOT;USD_CAP;A;1979;793523367;E
GRC;GDP;TOT;USD_CAP;A;1980;8624833248;E
GRC;GDP;TOT;USD_CAP;A;1981;9212073753;E
GRC;GDP;TOT;USD_CAP;A;1982;961012929;E
GRC;GDP;TOT;USD_CAP;A;1983;9821619924;E
GRC;GDP;TOT;USD_CAP;A;1984;1032920043;E
GRC;GDP;TOT;USD_CAP;A;1985;1088143916;E
GRC;GDP;TOT;USD_CAP;A;1986;1112117668;E
GRC;GDP;TOT;USD_CAP;A;1987;1110084152;E
GRC;GDP;TOT;USD_CAP;A;1988;1194223326;E
GRC;GDP;TOT;USD_CAP;A;1989;1281435818;E
GRC;GDP;TOT;USD_CAP;A;1990;1320105554;E
GRC;GDP;TOT;USD_CAP;A;1991;1395244545;E
GRC;GDP;TOT;USD_CAP;A;1992;1426588055;E
GRC;GDP;TOT;USD_CAP;A;1993;142914125;E
GRC;GDP;TOT;USD_CAP;A;1994;1482127948;E
GRC;GDP;TOT;USD_CAP;A;1995;1540868594;
GRC;GDP;TOT;USD_CAP;A;1996;1612922379;
GRC;GDP;TOT;USD_CAP;A;1997;1715404524;
GRC;GDP;TOT;USD_CAP;A;1998;18033414;
GRC;GDP;TOT;USD_CAP;A;1999;1846472645;
GRC;GDP;TOT;USD_CAP;A;2000;1951891636;
GRC;GDP;TOT;USD_CAP;A;2001;2096352014;
GRC;GDP;TOT;USD_CAP;A;2002;2261595744;
GRC;GDP;TOT;USD_CAP;A;2003;2387007915;
GRC;GDP;TOT;USD_CAP;A;2004;2543721851;
GRC;GDP;TOT;USD_CAP;A;2005;2557744544;
GRC;GDP;TOT;USD_CAP;A;2006;2851944506;
GRC;GDP;TOT;USD_CAP;A;2007;2929187292;
GRC;GDP;TOT;USD_CAP;A;2008;3085593577;
GRC;GDP;TOT;USD_CAP;A;2009;3036536039;
GRC;GDP;TOT;USD_CAP;A;2010;2814830688;
GRC;GDP;TOT;USD_CAP;A;2011;2614109103;P
GRC;GDP;TOT;USD_CAP;A;2012;2528440578;P
GRC;GDP;TOT;USD_CAP;A;2013;2609779752;P
GRC;GDP;TOT;USD_CAP;A;2014;2683858227;P
GRC;GDP;TOT;USD_CAP;A;2015;2690232761;P
GRC;GDP;TOT;USD_CAP;A;2016;2727387303;P
HUN;GDP;TOT;USD_CAP;A;1991;8333217321;E
HUN;GDP;TOT;USD_CAP;A;1992;8279565707;E
HUN;GDP;TOT;USD_CAP;A;1993;8451461093;E
HUN;GDP;TOT;USD_CAP;A;1994;891490714;E
HUN;GDP;TOT;USD_CAP;A;1995;9176629355;
HUN;GDP;TOT;USD_CAP;A;1996;9340533809;
HUN;GDP;TOT;USD_CAP;A;1997;9822407481;
HUN;GDP;TOT;USD_CAP;A;1998;1041152744;
HUN;GDP;TOT;USD_CAP;A;1999;1089475229;
HUN;GDP;TOT;USD_CAP;A;2000;1187797246;
HUN;GDP;TOT;USD_CAP;A;2001;1323097947;
HUN;GDP;TOT;USD_CAP;A;2002;1454958617;
HUN;GDP;TOT;USD_CAP;A;2003;1546829911;
HUN;GDP;TOT;USD_CAP;A;2004;1624556033;
HUN;GDP;TOT;USD_CAP;A;2005;1708177436;
HUN;GDP;TOT;USD_CAP;A;2006;1829795133;
HUN;GDP;TOT;USD_CAP;A;2007;1903013173;
HUN;GDP;TOT;USD_CAP;A;2008;2067867991;
HUN;GDP;TOT;USD_CAP;A;2009;2065176182;
HUN;GDP;TOT;USD_CAP;A;2010;2153486742;
HUN;GDP;TOT;USD_CAP;A;2011;2284121034;
HUN;GDP;TOT;USD_CAP;A;2012;2309447333;
HUN;GDP;TOT;USD_CAP;A;2013;2446413596;
HUN;GDP;TOT;USD_CAP;A;2014;2551822604;
HUN;GDP;TOT;USD_CAP;A;2015;2635631372;
HUN;GDP;TOT;USD_CAP;A;2016;2685162494;
ISL;GDP;TOT;USD_CAP;A;1970;3793827178;E
ISL;GDP;TOT;USD_CAP;A;1971;446331459;E
ISL;GDP;TOT;USD_CAP;A;1972;4868690666;E
ISL;GDP;TOT;USD_CAP;A;1973;540522739;E
ISL;GDP;TOT;USD_CAP;A;1974;61422083;E
ISL;GDP;TOT;USD_CAP;A;1975;667064048;E
ISL;GDP;TOT;USD_CAP;A;1976;7385950387;E
ISL;GDP;TOT;USD_CAP;A;1977;8471921505;E
ISL;GDP;TOT;USD_CAP;A;1978;9537561886;E
ISL;GDP;TOT;USD_CAP;A;1979;1072716949;E
ISL;GDP;TOT;USD_CAP;A;1980;122376919;E
ISL;GDP;TOT;USD_CAP;A;1981;1380708969;E
ISL;GDP;TOT;USD_CAP;A;1982;1477156576;E
ISL;GDP;TOT;USD_CAP;A;1983;1482704748;E
ISL;GDP;TOT;USD_CAP;A;1984;1583217411;E
ISL;GDP;TOT;USD_CAP;A;1985;1673754039;E
ISL;GDP;TOT;USD_CAP;A;1986;1801054635;E
ISL;GDP;TOT;USD_CAP;A;1987;1980885608;E
ISL;GDP;TOT;USD_CAP;A;1988;201675357;E
ISL;GDP;TOT;USD_CAP;A;1989;2077448334;E
ISL;GDP;TOT;USD_CAP;A;1990;2162941646;E
ISL;GDP;TOT;USD_CAP;A;1991;2203611571;E
ISL;GDP;TOT;USD_CAP;A;1992;2151614835;E
ISL;GDP;TOT;USD_CAP;A;1993;2208850591;E
ISL;GDP;TOT;USD_CAP;A;1994;2317900566;E
ISL;GDP;TOT;USD_CAP;A;1995;2356910636;
ISL;GDP;TOT;USD_CAP;A;1996;244285764;B
ISL;GDP;TOT;USD_CAP;A;1997;2693308516;
ISL;GDP;TOT;USD_CAP;A;1998;2871410997;
ISL;GDP;TOT;USD_CAP;A;1999;2954246883;
ISL;GDP;TOT;USD_CAP;A;2000;2971107967;
ISL;GDP;TOT;USD_CAP;A;2001;3176044712;
ISL;GDP;TOT;USD_CAP;A;2002;3251531575;
ISL;GDP;TOT;USD_CAP;A;2003;326442771;
ISL;GDP;TOT;USD_CAP;A;2004;3554405821;
ISL;GDP;TOT;USD_CAP;A;2005;3733813886;
ISL;GDP;TOT;USD_CAP;A;2006;3902740383;
ISL;GDP;TOT;USD_CAP;A;2007;4118217806;
ISL;GDP;TOT;USD_CAP;A;2008;430490033;
ISL;GDP;TOT;USD_CAP;A;2009;4181333588;
ISL;GDP;TOT;USD_CAP;A;2010;3958207346;
ISL;GDP;TOT;USD_CAP;A;2011;4076902509;
ISL;GDP;TOT;USD_CAP;A;2012;4192843377;
ISL;GDP;TOT;USD_CAP;A;2013;4415264313;
ISL;GDP;TOT;USD_CAP;A;2014;4571283768;
ISL;GDP;TOT;USD_CAP;A;2015;4872997141;
ISL;GDP;TOT;USD_CAP;A;2016;525899962;
IRL;GDP;TOT;USD_CAP;A;1970;2457749938;E
IRL;GDP;TOT;USD_CAP;A;1971;2646818982;E
IRL;GDP;TOT;USD_CAP;A;1972;2895704725;E
IRL;GDP;TOT;USD_CAP;A;1973;3147593945;E
IRL;GDP;TOT;USD_CAP;A;1974;3518602333;E
IRL;GDP;TOT;USD_CAP;A;1975;3994224107;E
IRL;GDP;TOT;USD_CAP;A;1976;4205312116;E
IRL;GDP;TOT;USD_CAP;A;1977;4768373119;E
IRL;GDP;TOT;USD_CAP;A;1978;5401235537;E
IRL;GDP;TOT;USD_CAP;A;1979;5932440647;E
IRL;GDP;TOT;USD_CAP;A;1980;6602806173;E
IRL;GDP;TOT;USD_CAP;A;1981;7376809538;E
IRL;GDP;TOT;USD_CAP;A;1982;7926240353;E
IRL;GDP;TOT;USD_CAP;A;1983;8157964823;E
IRL;GDP;TOT;USD_CAP;A;1984;8760339799;E
IRL;GDP;TOT;USD_CAP;A;1985;9284667975;E
IRL;GDP;TOT;USD_CAP;A;1986;9428418903;E
IRL;GDP;TOT;USD_CAP;A;1987;1010920798;E
IRL;GDP;TOT;USD_CAP;A;1988;1104927162;E
IRL;GDP;TOT;USD_CAP;A;1989;1222271292;E
IRL;GDP;TOT;USD_CAP;A;1990;1376951862;E
IRL;GDP;TOT;USD_CAP;A;1991;1442755547;E
IRL;GDP;TOT;USD_CAP;A;1992;1512529163;E
IRL;GDP;TOT;USD_CAP;A;1993;1581603628;E
IRL;GDP;TOT;USD_CAP;A;1994;1702638405;E
IRL;GDP;TOT;USD_CAP;A;1995;1897722055;
IRL;GDP;TOT;USD_CAP;A;1996;2054360638;
IRL;GDP;TOT;USD_CAP;A;1997;2268651257;
IRL;GDP;TOT;USD_CAP;A;1998;2504954302;
IRL;GDP;TOT;USD_CAP;A;1999;2699553331;
IRL;GDP;TOT;USD_CAP;A;2000;3018518273;
IRL;GDP;TOT;USD_CAP;A;2001;3256657817;
IRL;GDP;TOT;USD_CAP;A;2002;3521294778;
IRL;GDP;TOT;USD_CAP;A;2003;3623347711;
IRL;GDP;TOT;USD_CAP;A;2004;3869720978;
IRL;GDP;TOT;USD_CAP;A;2005;4043708088;
IRL;GDP;TOT;USD_CAP;A;2006;4424398526;
IRL;GDP;TOT;USD_CAP;A;2007;467465474;
IRL;GDP;TOT;USD_CAP;A;2008;4421977588;
IRL;GDP;TOT;USD_CAP;A;2009;4158713816;
IRL;GDP;TOT;USD_CAP;A;2010;4329579255;
IRL;GDP;TOT;USD_CAP;A;2011;4495272334;
IRL;GDP;TOT;USD_CAP;A;2012;4630419868;
IRL;GDP;TOT;USD_CAP;A;2013;480060675;
IRL;GDP;TOT;USD_CAP;A;2014;5125048367;
IRL;GDP;TOT;USD_CAP;A;2015;6905040763;
IRL;GDP;TOT;USD_CAP;A;2016;710204976;
ITA;GDP;TOT;USD_CAP;A;1970;3614594319;E
ITA;GDP;TOT;USD_CAP;A;1971;3848880039;E
ITA;GDP;TOT;USD_CAP;A;1972;4139875313;E
ITA;GDP;TOT;USD_CAP;A;1973;4646282281;E
ITA;GDP;TOT;USD_CAP;A;1974;530808212;E
ITA;GDP;TOT;USD_CAP;A;1975;5644715024;E
ITA;GDP;TOT;USD_CAP;A;1976;6347957585;E
ITA;GDP;TOT;USD_CAP;A;1977;6885716708;E
ITA;GDP;TOT;USD_CAP;A;1978;7581787602;E
ITA;GDP;TOT;USD_CAP;A;1979;8674994479;E
ITA;GDP;TOT;USD_CAP;A;1980;976289815;E
ITA;GDP;TOT;USD_CAP;A;1981;1076233102;E
ITA;GDP;TOT;USD_CAP;A;1982;1146777566;E
ITA;GDP;TOT;USD_CAP;A;1983;12051885;E
ITA;GDP;TOT;USD_CAP;A;1984;1288661443;E
ITA;GDP;TOT;USD_CAP;A;1985;1366216792;E
ITA;GDP;TOT;USD_CAP;A;1986;1433512765;E
ITA;GDP;TOT;USD_CAP;A;1987;1515692115;E
ITA;GDP;TOT;USD_CAP;A;1988;1634182481;E
ITA;GDP;TOT;USD_CAP;A;1989;1754474422;E
ITA;GDP;TOT;USD_CAP;A;1990;1854743057;E
ITA;GDP;TOT;USD_CAP;A;1991;1945034485;E
ITA;GDP;TOT;USD_CAP;A;1992;2005193914;E
ITA;GDP;TOT;USD_CAP;A;1993;2033954374;E
ITA;GDP;TOT;USD_CAP;A;1994;2121639038;E
ITA;GDP;TOT;USD_CAP;A;1995;2228623471;
ITA;GDP;TOT;USD_CAP;A;1996;2296811476;
ITA;GDP;TOT;USD_CAP;A;1997;238189533;
ITA;GDP;TOT;USD_CAP;A;1998;2494694879;
ITA;GDP;TOT;USD_CAP;A;1999;2553162178;
ITA;GDP;TOT;USD_CAP;A;2000;2702717886;
ITA;GDP;TOT;USD_CAP;A;2001;2792982638;
ITA;GDP;TOT;USD_CAP;A;2002;286212456;
ITA;GDP;TOT;USD_CAP;A;2003;2903094549;
ITA;GDP;TOT;USD_CAP;A;2004;2936615561;
ITA;GDP;TOT;USD_CAP;A;2005;299375842;
ITA;GDP;TOT;USD_CAP;A;2006;3217456877;
ITA;GDP;TOT;USD_CAP;A;2007;337946326;
ITA;GDP;TOT;USD_CAP;A;2008;3515480175;
ITA;GDP;TOT;USD_CAP;A;2009;342341914;
ITA;GDP;TOT;USD_CAP;A;2010;3468495638;
ITA;GDP;TOT;USD_CAP;A;2011;3593548395;
ITA;GDP;TOT;USD_CAP;A;2012;3575702368;
ITA;GDP;TOT;USD_CAP;A;2013;3588539085;
ITA;GDP;TOT;USD_CAP;A;2014;360708482;
ITA;GDP;TOT;USD_CAP;A;2015;3683639487;
ITA;GDP;TOT;USD_CAP;A;2016;3904340617;
JPN;GDP;TOT;USD_CAP;A;1970;3283240245;E
JPN;GDP;TOT;USD_CAP;A;1971;3576258357;E
JPN;GDP;TOT;USD_CAP;A;1972;3990275054;E
JPN;GDP;TOT;USD_CAP;A;1973;4443245651;E
JPN;GDP;TOT;USD_CAP;A;1974;4718602094;E
JPN;GDP;TOT;USD_CAP;A;1975;525024191;E
JPN;GDP;TOT;USD_CAP;A;1976;5695524931;E
JPN;GDP;TOT;USD_CAP;A;1977;6253444969;E
JPN;GDP;TOT;USD_CAP;A;1978;6982402573;E
JPN;GDP;TOT;USD_CAP;A;1979;7910311248;E
JPN;GDP;TOT;USD_CAP;A;1980;879801612;
JPN;GDP;TOT;USD_CAP;A;1981;9964208885;
JPN;GDP;TOT;USD_CAP;A;1982;1085422886;
JPN;GDP;TOT;USD_CAP;A;1983;115978129;
JPN;GDP;TOT;USD_CAP;A;1984;1247693261;
JPN;GDP;TOT;USD_CAP;A;1985;1346187188;
JPN;GDP;TOT;USD_CAP;A;1986;1411854708;
JPN;GDP;TOT;USD_CAP;A;1987;1508027269;
JPN;GDP;TOT;USD_CAP;A;1988;1660278585;
JPN;GDP;TOT;USD_CAP;A;1989;1802431332;
JPN;GDP;TOT;USD_CAP;A;1990;1954949138;
JPN;GDP;TOT;USD_CAP;A;1991;2081877763;
JPN;GDP;TOT;USD_CAP;A;1992;213934672;
JPN;GDP;TOT;USD_CAP;A;1993;2172221655;
JPN;GDP;TOT;USD_CAP;A;1994;2237451341;
JPN;GDP;TOT;USD_CAP;A;1995;2341020012;
JPN;GDP;TOT;USD_CAP;A;1996;2452408677;
JPN;GDP;TOT;USD_CAP;A;1997;25155.38;
JPN;GDP;TOT;USD_CAP;A;1998;2508417874;
JPN;GDP;TOT;USD_CAP;A;1999;2533451015;
JPN;GDP;TOT;USD_CAP;A;2000;2684123068;
JPN;GDP;TOT;USD_CAP;A;2001;2747622071;
JPN;GDP;TOT;USD_CAP;A;2002;2817005438;
JPN;GDP;TOT;USD_CAP;A;2003;2894371842;
JPN;GDP;TOT;USD_CAP;A;2004;3035445695;
JPN;GDP;TOT;USD_CAP;A;2005;3166791436;
JPN;GDP;TOT;USD_CAP;A;2006;3309433777;
JPN;GDP;TOT;USD_CAP;A;2007;3450717033;
JPN;GDP;TOT;USD_CAP;A;2008;3480365781;
JPN;GDP;TOT;USD_CAP;A;2009;3320198701;
JPN;GDP;TOT;USD_CAP;A;2010;3499437226;
JPN;GDP;TOT;USD_CAP;A;2011;3577525633;
JPN;GDP;TOT;USD_CAP;A;2012;372138374;
JPN;GDP;TOT;USD_CAP;A;2013;3900836056;
JPN;GDP;TOT;USD_CAP;A;2014;3918346568;
JPN;GDP;TOT;USD_CAP;A;2015;4040609533;
JPN;GDP;TOT;USD_CAP;A;2016;4112925483;
KOR;GDP;TOT;USD_CAP;A;1970;603949995;
KOR;GDP;TOT;USD_CAP;A;1971;687222663;
KOR;GDP;TOT;USD_CAP;A;1972;753934189;
KOR;GDP;TOT;USD_CAP;A;1973;89715242;
KOR;GDP;TOT;USD_CAP;A;1974;105222754;
KOR;GDP;TOT;USD_CAP;A;1975;1219394647;
KOR;GDP;TOT;USD_CAP;A;1976;1432172514;
KOR;GDP;TOT;USD_CAP;A;1977;1681513479;
KOR;GDP;TOT;USD_CAP;A;1978;1963667838;
KOR;GDP;TOT;USD_CAP;A;1979;2275244079;
KOR;GDP;TOT;USD_CAP;A;1980;2400824267;
KOR;GDP;TOT;USD_CAP;A;1981;2773126948;
KOR;GDP;TOT;USD_CAP;A;1982;313893686;
KOR;GDP;TOT;USD_CAP;A;1983;363977095;
KOR;GDP;TOT;USD_CAP;A;1984;4113768771;
KOR;GDP;TOT;USD_CAP;A;1985;4527924657;
KOR;GDP;TOT;USD_CAP;A;1986;5086705924;
KOR;GDP;TOT;USD_CAP;A;1987;5804861878;
KOR;GDP;TOT;USD_CAP;A;1988;6659612679;
KOR;GDP;TOT;USD_CAP;A;1989;733425724;
KOR;GDP;TOT;USD_CAP;A;1990;8273460669;
KOR;GDP;TOT;USD_CAP;A;1991;9345758967;
KOR;GDP;TOT;USD_CAP;A;1992;1004418192;
KOR;GDP;TOT;USD_CAP;A;1993;1087503283;
KOR;GDP;TOT;USD_CAP;A;1994;1200835003;
KOR;GDP;TOT;USD_CAP;A;1995;1329915879;
KOR;GDP;TOT;USD_CAP;A;1996;1443289976;
KOR;GDP;TOT;USD_CAP;A;1997;1540607958;
KOR;GDP;TOT;USD_CAP;A;1998;1462114269;
KOR;GDP;TOT;USD_CAP;A;1999;1639269505;
KOR;GDP;TOT;USD_CAP;A;2000;180829975;
KOR;GDP;TOT;USD_CAP;A;2001;1916828148;
KOR;GDP;TOT;USD_CAP;A;2002;2077499003;
KOR;GDP;TOT;USD_CAP;A;2003;2137691347;
KOR;GDP;TOT;USD_CAP;A;2004;2293658218;
KOR;GDP;TOT;USD_CAP;A;2005;2419620341;
KOR;GDP;TOT;USD_CAP;A;2006;2582112728;
KOR;GDP;TOT;USD_CAP;A;2007;2782206966;
KOR;GDP;TOT;USD_CAP;A;2008;2865581293;
KOR;GDP;TOT;USD_CAP;A;2009;283251145;
KOR;GDP;TOT;USD_CAP;A;2010;3036534699;
KOR;GDP;TOT;USD_CAP;A;2011;3122828432;
KOR;GDP;TOT;USD_CAP;A;2012;3209707001;
KOR;GDP;TOT;USD_CAP;A;2013;326157034;
KOR;GDP;TOT;USD_CAP;A;2014;3358735769;
KOR;GDP;TOT;USD_CAP;A;2015;357606973;
KOR;GDP;TOT;USD_CAP;A;2016;3714262056;
LUX;GDP;TOT;USD_CAP;A;1970;543160637;E
LUX;GDP;TOT;USD_CAP;A;1971;5804402143;E
LUX;GDP;TOT;USD_CAP;A;1972;6376635832;E
LUX;GDP;TOT;USD_CAP;A;1973;7204122401;E
LUX;GDP;TOT;USD_CAP;A;1974;8077173031;E
LUX;GDP;TOT;USD_CAP;A;1975;8155811875;E
LUX;GDP;TOT;USD_CAP;A;1976;8778712484;E
LUX;GDP;TOT;USD_CAP;A;1977;9452195577;E
LUX;GDP;TOT;USD_CAP;A;1978;1051186693;E
LUX;GDP;TOT;USD_CAP;A;1979;116221309;E
LUX;GDP;TOT;USD_CAP;A;1980;1272942455;E
LUX;GDP;TOT;USD_CAP;A;1981;1381921344;E
LUX;GDP;TOT;USD_CAP;A;1982;1483087244;E
LUX;GDP;TOT;USD_CAP;A;1983;1586809328;E
LUX;GDP;TOT;USD_CAP;A;1984;1744342777;E
LUX;GDP;TOT;USD_CAP;A;1985;18467162;E
LUX;GDP;TOT;USD_CAP;A;1986;2062431282;E
LUX;GDP;TOT;USD_CAP;A;1987;2182702265;E
LUX;GDP;TOT;USD_CAP;A;1988;2429963916;E
LUX;GDP;TOT;USD_CAP;A;1989;2745481587;E
LUX;GDP;TOT;USD_CAP;A;1990;2966003344;E
LUX;GDP;TOT;USD_CAP;A;1991;3286612745;E
LUX;GDP;TOT;USD_CAP;A;1992;3376450625;E
LUX;GDP;TOT;USD_CAP;A;1993;3550965064;E
LUX;GDP;TOT;USD_CAP;A;1994;3711284424;E
LUX;GDP;TOT;USD_CAP;A;1995;3954985296;
LUX;GDP;TOT;USD_CAP;A;1996;4132008146;
LUX;GDP;TOT;USD_CAP;A;1997;4280530519;
LUX;GDP;TOT;USD_CAP;A;1998;443448274;
LUX;GDP;TOT;USD_CAP;A;1999;5052665319;
LUX;GDP;TOT;USD_CAP;A;2000;5526339006;
LUX;GDP;TOT;USD_CAP;A;2001;5585219851;
LUX;GDP;TOT;USD_CAP;A;2002;5870901536;
LUX;GDP;TOT;USD_CAP;A;2003;5995539707;
LUX;GDP;TOT;USD_CAP;A;2004;639933082;
LUX;GDP;TOT;USD_CAP;A;2005;6814065238;
LUX;GDP;TOT;USD_CAP;A;2006;7790393005;
LUX;GDP;TOT;USD_CAP;A;2007;8385823573;
LUX;GDP;TOT;USD_CAP;A;2008;8659198546;
LUX;GDP;TOT;USD_CAP;A;2009;822063535;
LUX;GDP;TOT;USD_CAP;A;2010;8551487298;
LUX;GDP;TOT;USD_CAP;A;2011;9181403661;
LUX;GDP;TOT;USD_CAP;A;2012;9152672071;
LUX;GDP;TOT;USD_CAP;A;2013;9524611389;
LUX;GDP;TOT;USD_CAP;A;2014;1009336045;
LUX;GDP;TOT;USD_CAP;A;2015;1028172856;
LUX;GDP;TOT;USD_CAP;A;2016;1047023475;
MEX;GDP;TOT;USD_CAP;A;1970;1820608623;E
MEX;GDP;TOT;USD_CAP;A;1971;1926670877;E
MEX;GDP;TOT;USD_CAP;A;1972;2109815195;E
MEX;GDP;TOT;USD_CAP;A;1973;2334600187;E
MEX;GDP;TOT;USD_CAP;A;1974;2615183733;E
MEX;GDP;TOT;USD_CAP;A;1975;2925653409;E
MEX;GDP;TOT;USD_CAP;A;1976;312274035;E
MEX;GDP;TOT;USD_CAP;A;1977;3332255689;E
MEX;GDP;TOT;USD_CAP;A;1978;3752920092;E
MEX;GDP;TOT;USD_CAP;A;1979;4313679838;E
MEX;GDP;TOT;USD_CAP;A;1980;4938446663;E
MEX;GDP;TOT;USD_CAP;A;1981;5745183348;E
MEX;GDP;TOT;USD_CAP;A;1982;5919322519;E
MEX;GDP;TOT;USD_CAP;A;1983;5755280187;E
MEX;GDP;TOT;USD_CAP;A;1984;6043259368;E
MEX;GDP;TOT;USD_CAP;A;1985;6271723477;E
MEX;GDP;TOT;USD_CAP;A;1986;603191848;E
MEX;GDP;TOT;USD_CAP;A;1987;6169587936;E
MEX;GDP;TOT;USD_CAP;A;1988;6338113703;E
MEX;GDP;TOT;USD_CAP;A;1989;6729240554;E
MEX;GDP;TOT;USD_CAP;A;1990;7193840417;E
MEX;GDP;TOT;USD_CAP;A;1991;7614179405;E
MEX;GDP;TOT;USD_CAP;A;1992;7935803214;E
MEX;GDP;TOT;USD_CAP;A;1993;8277718254;
MEX;GDP;TOT;USD_CAP;A;1994;8733591563;
MEX;GDP;TOT;USD_CAP;A;1995;8228851768;
MEX;GDP;TOT;USD_CAP;A;1996;8817658792;
MEX;GDP;TOT;USD_CAP;A;1997;945291663;
MEX;GDP;TOT;USD_CAP;A;1998;9922291159;
MEX;GDP;TOT;USD_CAP;A;1999;1021605314;
MEX;GDP;TOT;USD_CAP;A;2000;1087040962;
MEX;GDP;TOT;USD_CAP;A;2001;1093109473;
MEX;GDP;TOT;USD_CAP;A;2002;1099998034;
MEX;GDP;TOT;USD_CAP;A;2003;1130273755;
MEX;GDP;TOT;USD_CAP;A;2004;1192183713;
MEX;GDP;TOT;USD_CAP;A;2005;1252228589;
MEX;GDP;TOT;USD_CAP;A;2006;137000584;
MEX;GDP;TOT;USD_CAP;A;2007;1420982366;
MEX;GDP;TOT;USD_CAP;A;2008;1485995553;
MEX;GDP;TOT;USD_CAP;A;2009;1450804844;
MEX;GDP;TOT;USD_CAP;A;2010;1523884453;
MEX;GDP;TOT;USD_CAP;A;2011;1652203951;
MEX;GDP;TOT;USD_CAP;A;2012;1719520718;
MEX;GDP;TOT;USD_CAP;A;2013;1743731532;
MEX;GDP;TOT;USD_CAP;A;2014;1814278124;E
MEX;GDP;TOT;USD_CAP;A;2015;1841381658;E
MEX;GDP;TOT;USD_CAP;A;2016;1894472192;E
NLD;GDP;TOT;USD_CAP;A;1969;4086836185;E
NLD;GDP;TOT;USD_CAP;A;1970;441254919;E
NLD;GDP;TOT;USD_CAP;A;1971;4777622651;E
NLD;GDP;TOT;USD_CAP;A;1972;5056951473;E
NLD;GDP;TOT;USD_CAP;A;1973;5597254145;E
NLD;GDP;TOT;USD_CAP;A;1974;6311270555;E
NLD;GDP;TOT;USD_CAP;A;1975;6845206119;E
NLD;GDP;TOT;USD_CAP;A;1976;7505596192;E
NLD;GDP;TOT;USD_CAP;A;1977;8076438293;E
NLD;GDP;TOT;USD_CAP;A;1978;8793329864;E
NLD;GDP;TOT;USD_CAP;A;1979;9649655098;E
NLD;GDP;TOT;USD_CAP;A;1980;1077582696;E
NLD;GDP;TOT;USD_CAP;A;1981;1162170216;E
NLD;GDP;TOT;USD_CAP;A;1982;1213126342;E
NLD;GDP;TOT;USD_CAP;A;1983;1281721387;E
NLD;GDP;TOT;USD_CAP;A;1984;1363401192;E
NLD;GDP;TOT;USD_CAP;A;1985;1436335584;E
NLD;GDP;TOT;USD_CAP;A;1986;1497930483;E
NLD;GDP;TOT;USD_CAP;A;1987;1554261075;E
NLD;GDP;TOT;USD_CAP;A;1988;165363309;E
NLD;GDP;TOT;USD_CAP;A;1989;1784024417;E
NLD;GDP;TOT;USD_CAP;A;1990;1915200323;E
NLD;GDP;TOT;USD_CAP;A;1991;2011974318;E
NLD;GDP;TOT;USD_CAP;A;1992;2077217718;E
NLD;GDP;TOT;USD_CAP;A;1993;2137965016;E
NLD;GDP;TOT;USD_CAP;A;1994;2234975945;E
NLD;GDP;TOT;USD_CAP;A;1995;2340969108;
NLD;GDP;TOT;USD_CAP;A;1996;2448497085;
NLD;GDP;TOT;USD_CAP;A;1997;260137428;
NLD;GDP;TOT;USD_CAP;A;1998;2770888009;
NLD;GDP;TOT;USD_CAP;A;1999;2926868549;
NLD;GDP;TOT;USD_CAP;A;2000;3187425537;
NLD;GDP;TOT;USD_CAP;A;2001;3319441941;
NLD;GDP;TOT;USD_CAP;A;2002;3444705337;
NLD;GDP;TOT;USD_CAP;A;2003;3411243235;
NLD;GDP;TOT;USD_CAP;A;2004;3577666881;
NLD;GDP;TOT;USD_CAP;A;2005;3762525244;
NLD;GDP;TOT;USD_CAP;A;2006;4097149326;
NLD;GDP;TOT;USD_CAP;A;2007;4389590071;
NLD;GDP;TOT;USD_CAP;A;2008;4641904259;
NLD;GDP;TOT;USD_CAP;A;2009;4456711995;
NLD;GDP;TOT;USD_CAP;A;2010;4504136985;
NLD;GDP;TOT;USD_CAP;A;2011;4659922766;
NLD;GDP;TOT;USD_CAP;A;2012;4727196823;
NLD;GDP;TOT;USD_CAP;A;2013;4924278671;
NLD;GDP;TOT;USD_CAP;A;2014;4923323035;
NLD;GDP;TOT;USD_CAP;A;2015;5030184562;
NLD;GDP;TOT;USD_CAP;A;2016;5133951103;P
NZL;GDP;TOT;USD_CAP;A;1970;3921617042;E
NZL;GDP;TOT;USD_CAP;A;1971;4302406256;
NZL;GDP;TOT;USD_CAP;A;1972;47140688;
NZL;GDP;TOT;USD_CAP;A;1973;5077892782;
NZL;GDP;TOT;USD_CAP;A;1974;5675044095;
NZL;GDP;TOT;USD_CAP;A;1975;628836298;
NZL;GDP;TOT;USD_CAP;A;1976;6538548258;
NZL;GDP;TOT;USD_CAP;A;1977;6465197454;
NZL;GDP;TOT;USD_CAP;A;1978;7242380184;
NZL;GDP;TOT;USD_CAP;A;1979;7660515762;
NZL;GDP;TOT;USD_CAP;A;1980;8441623669;
NZL;GDP;TOT;USD_CAP;A;1981;9436065537;
NZL;GDP;TOT;USD_CAP;A;1982;1043697977;
NZL;GDP;TOT;USD_CAP;A;1983;1120465207;
NZL;GDP;TOT;USD_CAP;A;1984;1229048247;
NZL;GDP;TOT;USD_CAP;A;1985;1263570544;
NZL;GDP;TOT;USD_CAP;A;1986;1324212187;
NZL;GDP;TOT;USD_CAP;A;1987;1337420469;
NZL;GDP;TOT;USD_CAP;A;1988;1385109854;
NZL;GDP;TOT;USD_CAP;A;1989;1443347528;
NZL;GDP;TOT;USD_CAP;A;1990;1468094734;
NZL;GDP;TOT;USD_CAP;A;1991;1452438015;B
NZL;GDP;TOT;USD_CAP;A;1992;1486944945;
NZL;GDP;TOT;USD_CAP;A;1993;1588208996;
NZL;GDP;TOT;USD_CAP;A;1994;1697712865;
NZL;GDP;TOT;USD_CAP;A;1995;178220775;
NZL;GDP;TOT;USD_CAP;A;1996;1839012022;
NZL;GDP;TOT;USD_CAP;A;1997;1908313527;
NZL;GDP;TOT;USD_CAP;A;1998;19307809;
NZL;GDP;TOT;USD_CAP;A;1999;2053706121;
NZL;GDP;TOT;USD_CAP;A;2000;2148088339;
NZL;GDP;TOT;USD_CAP;A;2001;2238797679;
NZL;GDP;TOT;USD_CAP;A;2002;2318006498;
NZL;GDP;TOT;USD_CAP;A;2003;2386195543;
NZL;GDP;TOT;USD_CAP;A;2004;2499774748;
NZL;GDP;TOT;USD_CAP;A;2005;2558981334;
NZL;GDP;TOT;USD_CAP;A;2006;2767614643;
NZL;GDP;TOT;USD_CAP;A;2007;293081713;
NZL;GDP;TOT;USD_CAP;A;2008;2978207214;
NZL;GDP;TOT;USD_CAP;A;2009;3059016723;
NZL;GDP;TOT;USD_CAP;A;2010;3116494525;
NZL;GDP;TOT;USD_CAP;A;2011;3266747868;
NZL;GDP;TOT;USD_CAP;A;2012;3291210508;
NZL;GDP;TOT;USD_CAP;A;2013;3607420795;
NZL;GDP;TOT;USD_CAP;A;2014;3708327714;
NZL;GDP;TOT;USD_CAP;A;2015;3734066709;
NZL;GDP;TOT;USD_CAP;A;2016;3919693308;E
NOR;GDP;TOT;USD_CAP;A;1970;3358733822;
NOR;GDP;TOT;USD_CAP;A;1971;370433163;
NOR;GDP;TOT;USD_CAP;A;1972;4039411491;
NOR;GDP;TOT;USD_CAP;A;1973;4423537876;
NOR;GDP;TOT;USD_CAP;A;1974;4979315806;
NOR;GDP;TOT;USD_CAP;A;1975;5678598064;
NOR;GDP;TOT;USD_CAP;A;1976;6310207498;
NOR;GDP;TOT;USD_CAP;A;1977;6951787344;
NOR;GDP;TOT;USD_CAP;A;1978;7698216078;
NOR;GDP;TOT;USD_CAP;A;1979;8671528602;
NOR;GDP;TOT;USD_CAP;A;1980;9854953455;
NOR;GDP;TOT;USD_CAP;A;1981;10922435;
NOR;GDP;TOT;USD_CAP;A;1982;1158216576;
NOR;GDP;TOT;USD_CAP;A;1983;1247455896;
NOR;GDP;TOT;USD_CAP;A;1984;1366713054;
NOR;GDP;TOT;USD_CAP;A;1985;1483574195;
NOR;GDP;TOT;USD_CAP;A;1986;1569340153;
NOR;GDP;TOT;USD_CAP;A;1987;1628522473;
NOR;GDP;TOT;USD_CAP;A;1988;167287251;
NOR;GDP;TOT;USD_CAP;A;1989;1749025124;
NOR;GDP;TOT;USD_CAP;A;1990;1843455428;
NOR;GDP;TOT;USD_CAP;A;1991;1954904178;
NOR;GDP;TOT;USD_CAP;A;1992;2059326829;
NOR;GDP;TOT;USD_CAP;A;1993;215502763;
NOR;GDP;TOT;USD_CAP;A;1994;229898945;
NOR;GDP;TOT;USD_CAP;A;1995;243235826;
NOR;GDP;TOT;USD_CAP;A;1996;2679306701;
NOR;GDP;TOT;USD_CAP;A;1997;2860628194;
NOR;GDP;TOT;USD_CAP;A;1998;2818922397;
NOR;GDP;TOT;USD_CAP;A;1999;3055474223;
NOR;GDP;TOT;USD_CAP;A;2000;3695610937;
NOR;GDP;TOT;USD_CAP;A;2001;3778475495;
NOR;GDP;TOT;USD_CAP;A;2002;3796112649;
NOR;GDP;TOT;USD_CAP;A;2003;3853186587;
NOR;GDP;TOT;USD_CAP;A;2004;4248557149;
NOR;GDP;TOT;USD_CAP;A;2005;4777543918;
NOR;GDP;TOT;USD_CAP;A;2006;5407601065;
NOR;GDP;TOT;USD_CAP;A;2007;5589860034;
NOR;GDP;TOT;USD_CAP;A;2008;6175999132;
NOR;GDP;TOT;USD_CAP;A;2009;5543438382;
NOR;GDP;TOT;USD_CAP;A;2010;5796851588;
NOR;GDP;TOT;USD_CAP;A;2011;6214613251;
NOR;GDP;TOT;USD_CAP;A;2012;6544192484;
NOR;GDP;TOT;USD_CAP;A;2013;6705114287;
NOR;GDP;TOT;USD_CAP;A;2014;6601842418;
NOR;GDP;TOT;USD_CAP;A;2015;6049207309;
NOR;GDP;TOT;USD_CAP;A;2016;5812199226;
POL;GDP;TOT;USD_CAP;A;1990;6188502764;E
POL;GDP;TOT;USD_CAP;A;1991;593676526;E
POL;GDP;TOT;USD_CAP;A;1992;6214333368;E
POL;GDP;TOT;USD_CAP;A;1993;6591095644;E
POL;GDP;TOT;USD_CAP;A;1994;7082399154;E
POL;GDP;TOT;USD_CAP;A;1995;7729041015;
POL;GDP;TOT;USD_CAP;A;1996;8326895118;
POL;GDP;TOT;USD_CAP;A;1997;9005554757;
POL;GDP;TOT;USD_CAP;A;1998;9565338164;
POL;GDP;TOT;USD_CAP;A;1999;1012460357;
POL;GDP;TOT;USD_CAP;A;2000;1065366956;
POL;GDP;TOT;USD_CAP;A;2001;1110111235;
POL;GDP;TOT;USD_CAP;A;2002;1178056697;
POL;GDP;TOT;USD_CAP;A;2003;1226021556;
POL;GDP;TOT;USD_CAP;A;2004;1334187444;
POL;GDP;TOT;USD_CAP;A;2005;1389754307;
POL;GDP;TOT;USD_CAP;A;2006;1514586119;
POL;GDP;TOT;USD_CAP;A;2007;1678998011;
POL;GDP;TOT;USD_CAP;A;2008;1831513109;
POL;GDP;TOT;USD_CAP;A;2009;1908070466;
POL;GDP;TOT;USD_CAP;A;2010;2078919199;
POL;GDP;TOT;USD_CAP;A;2011;2257617938;
POL;GDP;TOT;USD_CAP;A;2012;2354200296;
POL;GDP;TOT;USD_CAP;A;2013;2442276391;
POL;GDP;TOT;USD_CAP;A;2014;2529795045;
POL;GDP;TOT;USD_CAP;A;2015;2652881575;
POL;GDP;TOT;USD_CAP;A;2016;2740556485;
PRT;GDP;TOT;USD_CAP;A;1970;2075100407;E
PRT;GDP;TOT;USD_CAP;A;1971;2345320616;E
PRT;GDP;TOT;USD_CAP;A;1972;2646804193;E
PRT;GDP;TOT;USD_CAP;A;1973;3103472781;E
PRT;GDP;TOT;USD_CAP;A;1974;3374118589;E
PRT;GDP;TOT;USD_CAP;A;1975;3394914822;E
PRT;GDP;TOT;USD_CAP;A;1976;3721676901;E
PRT;GDP;TOT;USD_CAP;A;1977;4130238794;E
PRT;GDP;TOT;USD_CAP;A;1978;4496264028;E
PRT;GDP;TOT;USD_CAP;A;1979;5089042177;E
PRT;GDP;TOT;USD_CAP;A;1980;5740998508;E
PRT;GDP;TOT;USD_CAP;A;1981;6331454333;E
PRT;GDP;TOT;USD_CAP;A;1982;682392327;E
PRT;GDP;TOT;USD_CAP;A;1983;7048348099;E
PRT;GDP;TOT;USD_CAP;A;1984;7140955632;E
PRT;GDP;TOT;USD_CAP;A;1985;7556958861;E
PRT;GDP;TOT;USD_CAP;A;1986;8028380558;E
PRT;GDP;TOT;USD_CAP;A;1987;8766758498;E
PRT;GDP;TOT;USD_CAP;A;1988;9781158074;E
PRT;GDP;TOT;USD_CAP;A;1989;1085303112;E
PRT;GDP;TOT;USD_CAP;A;1990;1174902685;E
PRT;GDP;TOT;USD_CAP;A;1991;1271288718;E
PRT;GDP;TOT;USD_CAP;A;1992;1314955413;E
PRT;GDP;TOT;USD_CAP;A;1993;1317138132;E
PRT;GDP;TOT;USD_CAP;A;1994;1354983138;E
PRT;GDP;TOT;USD_CAP;A;1995;1438556214;
PRT;GDP;TOT;USD_CAP;A;1996;1490262321;
PRT;GDP;TOT;USD_CAP;A;1997;1579101884;
PRT;GDP;TOT;USD_CAP;A;1998;1669154737;
PRT;GDP;TOT;USD_CAP;A;1999;1772351132;
PRT;GDP;TOT;USD_CAP;A;2000;1888690125;
PRT;GDP;TOT;USD_CAP;A;2001;1954066068;
PRT;GDP;TOT;USD_CAP;A;2002;203677387;
PRT;GDP;TOT;USD_CAP;A;2003;2084092739;
PRT;GDP;TOT;USD_CAP;A;2004;2147554341;
PRT;GDP;TOT;USD_CAP;A;2005;2273966382;
PRT;GDP;TOT;USD_CAP;A;2006;2465534046;
PRT;GDP;TOT;USD_CAP;A;2007;2570586215;
PRT;GDP;TOT;USD_CAP;A;2008;2663149833;
PRT;GDP;TOT;USD_CAP;A;2009;2646923175;
PRT;GDP;TOT;USD_CAP;A;2010;2730818967;
PRT;GDP;TOT;USD_CAP;A;2011;2678013068;
PRT;GDP;TOT;USD_CAP;A;2012;2645422685;
PRT;GDP;TOT;USD_CAP;A;2013;2789947614;
PRT;GDP;TOT;USD_CAP;A;2014;2874652581;
PRT;GDP;TOT;USD_CAP;A;2015;2968463659;
PRT;GDP;TOT;USD_CAP;A;2016;3104187337;
SVK;GDP;TOT;USD_CAP;A;1992;7145744047;E
SVK;GDP;TOT;USD_CAP;A;1993;7428932678;E
SVK;GDP;TOT;USD_CAP;A;1994;8025411467;E
SVK;GDP;TOT;USD_CAP;A;1995;8645877571;
SVK;GDP;TOT;USD_CAP;A;1996;9360253763;
SVK;GDP;TOT;USD_CAP;A;1997;1006803825;
SVK;GDP;TOT;USD_CAP;A;1998;1061256587;
SVK;GDP;TOT;USD_CAP;A;1999;1070151806;
SVK;GDP;TOT;USD_CAP;A;2000;1133145202;
SVK;GDP;TOT;USD_CAP;A;2001;1236984014;
SVK;GDP;TOT;USD_CAP;A;2002;1329017514;
SVK;GDP;TOT;USD_CAP;A;2003;1412407788;
SVK;GDP;TOT;USD_CAP;A;2004;1515972796;
SVK;GDP;TOT;USD_CAP;A;2005;1657206371;
SVK;GDP;TOT;USD_CAP;A;2006;1880213802;
SVK;GDP;TOT;USD_CAP;A;2007;2107906032;
SVK;GDP;TOT;USD_CAP;A;2008;2357493219;
SVK;GDP;TOT;USD_CAP;A;2009;2292577712;
SVK;GDP;TOT;USD_CAP;A;2010;2478509488;
SVK;GDP;TOT;USD_CAP;A;2011;2583633899;
SVK;GDP;TOT;USD_CAP;A;2012;2665400879;
SVK;GDP;TOT;USD_CAP;A;2013;2789962134;
SVK;GDP;TOT;USD_CAP;A;2014;2892817644;
SVK;GDP;TOT;USD_CAP;A;2015;2969953505;
SVK;GDP;TOT;USD_CAP;A;2016;3089595421;
ESP;GDP;TOT;USD_CAP;A;1970;2757019271;E
ESP;GDP;TOT;USD_CAP;A;1971;3003620913;E
ESP;GDP;TOT;USD_CAP;A;1972;3358573745;E
ESP;GDP;TOT;USD_CAP;A;1973;3784310077;E
ESP;GDP;TOT;USD_CAP;A;1974;4314842226;E
ESP;GDP;TOT;USD_CAP;A;1975;4690956165;E
ESP;GDP;TOT;USD_CAP;A;1976;5052589737;E
ESP;GDP;TOT;USD_CAP;A;1977;5453603692;E
ESP;GDP;TOT;USD_CAP;A;1978;585641353;E
ESP;GDP;TOT;USD_CAP;A;1979;6288506096;E
ESP;GDP;TOT;USD_CAP;A;1980;6932886123;E
ESP;GDP;TOT;USD_CAP;A;1981;7532447859;E
ESP;GDP;TOT;USD_CAP;A;1982;8054187262;E
ESP;GDP;TOT;USD_CAP;A;1983;8477810152;E
ESP;GDP;TOT;USD_CAP;A;1984;8903991346;E
ESP;GDP;TOT;USD_CAP;A;1985;936431915;E
ESP;GDP;TOT;USD_CAP;A;1986;9833746969;E
ESP;GDP;TOT;USD_CAP;A;1987;1060970815;E
ESP;GDP;TOT;USD_CAP;A;1988;1151817448;E
ESP;GDP;TOT;USD_CAP;A;1989;1252324917;E
ESP;GDP;TOT;USD_CAP;A;1990;1346284023;E
ESP;GDP;TOT;USD_CAP;A;1991;1424720941;E
ESP;GDP;TOT;USD_CAP;A;1992;146729871;E
ESP;GDP;TOT;USD_CAP;A;1993;1483326075;E
ESP;GDP;TOT;USD_CAP;A;1994;1548329957;E
ESP;GDP;TOT;USD_CAP;A;1995;1622037991;
ESP;GDP;TOT;USD_CAP;A;1996;1691847912;
ESP;GDP;TOT;USD_CAP;A;1997;1787214667;
ESP;GDP;TOT;USD_CAP;A;1998;1903376532;
ESP;GDP;TOT;USD_CAP;A;1999;1991564327;
ESP;GDP;TOT;USD_CAP;A;2000;2154105519;
ESP;GDP;TOT;USD_CAP;A;2001;2295819946;
ESP;GDP;TOT;USD_CAP;A;2002;2436774311;
ESP;GDP;TOT;USD_CAP;A;2003;2505088916;
ESP;GDP;TOT;USD_CAP;A;2004;2621839005;
ESP;GDP;TOT;USD_CAP;A;2005;2769644668;
ESP;GDP;TOT;USD_CAP;A;2006;308408106;
ESP;GDP;TOT;USD_CAP;A;2007;3259042063;
ESP;GDP;TOT;USD_CAP;A;2008;3344250046;
ESP;GDP;TOT;USD_CAP;A;2009;3238779474;
ESP;GDP;TOT;USD_CAP;A;2010;3193298815;
ESP;GDP;TOT;USD_CAP;A;2011;3207268837;
ESP;GDP;TOT;USD_CAP;A;2012;3199280352;
ESP;GDP;TOT;USD_CAP;A;2013;3262265998;
ESP;GDP;TOT;USD_CAP;A;2014;3372836272;
ESP;GDP;TOT;USD_CAP;A;2015;3505449329;
ESP;GDP;TOT;USD_CAP;A;2016;367425061;P
SWE;GDP;TOT;USD_CAP;A;1970;483252014;E
SWE;GDP;TOT;USD_CAP;A;1971;5090641402;E
SWE;GDP;TOT;USD_CAP;A;1972;5416193838;E
SWE;GDP;TOT;USD_CAP;A;1973;5928736127;E
SWE;GDP;TOT;USD_CAP;A;1974;6649307812;E
SWE;GDP;TOT;USD_CAP;A;1975;7422484052;E
SWE;GDP;TOT;USD_CAP;A;1976;7884956359;E
SWE;GDP;TOT;USD_CAP;A;1977;8212226894;E
SWE;GDP;TOT;USD_CAP;A;1978;8917880088;E
SWE;GDP;TOT;USD_CAP;A;1979;1000564496;E
SWE;GDP;TOT;USD_CAP;A;1980;1107355429;E
SWE;GDP;TOT;USD_CAP;A;1981;1216185029;E
SWE;GDP;TOT;USD_CAP;A;1982;1306662668;E
SWE;GDP;TOT;USD_CAP;A;1983;138298485;E
SWE;GDP;TOT;USD_CAP;A;1984;1492050056;E
SWE;GDP;TOT;USD_CAP;A;1985;1570040375;E
SWE;GDP;TOT;USD_CAP;A;1986;1640835039;E
SWE;GDP;TOT;USD_CAP;A;1987;1732002197;E
SWE;GDP;TOT;USD_CAP;A;1988;1830699819;E
SWE;GDP;TOT;USD_CAP;A;1989;1939869143;E
SWE;GDP;TOT;USD_CAP;A;1990;2012036898;E
SWE;GDP;TOT;USD_CAP;A;1991;2042401568;E
SWE;GDP;TOT;USD_CAP;A;1992;2052595298;E
SWE;GDP;TOT;USD_CAP;A;1993;2045857607;
SWE;GDP;TOT;USD_CAP;A;1994;2159577526;
SWE;GDP;TOT;USD_CAP;A;1995;2281493188;
SWE;GDP;TOT;USD_CAP;A;1996;236340216;
SWE;GDP;TOT;USD_CAP;A;1997;2449671842;
SWE;GDP;TOT;USD_CAP;A;1998;2554465792;
SWE;GDP;TOT;USD_CAP;A;1999;2718128134;
SWE;GDP;TOT;USD_CAP;A;2000;2932073074;
SWE;GDP;TOT;USD_CAP;A;2001;2967911205;
SWE;GDP;TOT;USD_CAP;A;2002;3063621689;
SWE;GDP;TOT;USD_CAP;A;2003;3151303157;
SWE;GDP;TOT;USD_CAP;A;2004;3356742201;
SWE;GDP;TOT;USD_CAP;A;2005;3400599929;
SWE;GDP;TOT;USD_CAP;A;2006;3746363638;
SWE;GDP;TOT;USD_CAP;A;2007;4062811323;
SWE;GDP;TOT;USD_CAP;A;2008;4190429807;
SWE;GDP;TOT;USD_CAP;A;2009;3969504087;
SWE;GDP;TOT;USD_CAP;A;2010;416327998;
SWE;GDP;TOT;USD_CAP;A;2011;4380856365;
SWE;GDP;TOT;USD_CAP;A;2012;4477426366;
SWE;GDP;TOT;USD_CAP;A;2013;4572189742;
SWE;GDP;TOT;USD_CAP;A;2014;4657250561;
SWE;GDP;TOT;USD_CAP;A;2015;4843690482;
SWE;GDP;TOT;USD_CAP;A;2016;490839897;
CHE;GDP;TOT;USD_CAP;A;1970;713985558;E
CHE;GDP;TOT;USD_CAP;A;1971;7713613285;E
CHE;GDP;TOT;USD_CAP;A;1972;8229258261;E
CHE;GDP;TOT;USD_CAP;A;1973;8889716889;E
CHE;GDP;TOT;USD_CAP;A;1974;9801965254;E
CHE;GDP;TOT;USD_CAP;A;1975;1001743348;E
CHE;GDP;TOT;USD_CAP;A;1976;1053589604;E
CHE;GDP;TOT;USD_CAP;A;1977;1149351746;E
CHE;GDP;TOT;USD_CAP;A;1978;1232078717;E
CHE;GDP;TOT;USD_CAP;A;1979;1363608945;E
CHE;GDP;TOT;USD_CAP;A;1980;1546829843;
CHE;GDP;TOT;USD_CAP;A;1981;1708550245;
CHE;GDP;TOT;USD_CAP;A;1982;1779815184;
CHE;GDP;TOT;USD_CAP;A;1983;185711433;
CHE;GDP;TOT;USD_CAP;A;1984;1974939514;
CHE;GDP;TOT;USD_CAP;A;1985;2103133179;
CHE;GDP;TOT;USD_CAP;A;1986;2172191357;
CHE;GDP;TOT;USD_CAP;A;1987;2245451649;
CHE;GDP;TOT;USD_CAP;A;1988;2381949905;
CHE;GDP;TOT;USD_CAP;A;1989;2562746827;
CHE;GDP;TOT;USD_CAP;A;1990;272667269;
CHE;GDP;TOT;USD_CAP;A;1991;2759042893;
CHE;GDP;TOT;USD_CAP;A;1992;2795087772;
CHE;GDP;TOT;USD_CAP;A;1993;2838994211;
CHE;GDP;TOT;USD_CAP;A;1994;29164.08;
CHE;GDP;TOT;USD_CAP;A;1995;2967161775;
CHE;GDP;TOT;USD_CAP;A;1996;3029056556;
CHE;GDP;TOT;USD_CAP;A;1997;3153890843;
CHE;GDP;TOT;USD_CAP;A;1998;3263989392;
CHE;GDP;TOT;USD_CAP;A;1999;3350530114;
CHE;GDP;TOT;USD_CAP;A;2000;3543419139;
CHE;GDP;TOT;USD_CAP;A;2001;3652241071;
CHE;GDP;TOT;USD_CAP;A;2002;3746638184;
CHE;GDP;TOT;USD_CAP;A;2003;3746329001;
CHE;GDP;TOT;USD_CAP;A;2004;389131477;
CHE;GDP;TOT;USD_CAP;A;2005;4032687635;
CHE;GDP;TOT;USD_CAP;A;2006;4485941676;
CHE;GDP;TOT;USD_CAP;A;2007;495002375;
CHE;GDP;TOT;USD_CAP;A;2008;5236264918;
CHE;GDP;TOT;USD_CAP;A;2009;5156456759;
CHE;GDP;TOT;USD_CAP;A;2010;5285984814;
CHE;GDP;TOT;USD_CAP;A;2011;5618381787;
CHE;GDP;TOT;USD_CAP;A;2012;5784960172;
CHE;GDP;TOT;USD_CAP;A;2013;6010854053;
CHE;GDP;TOT;USD_CAP;A;2014;6190216174;
CHE;GDP;TOT;USD_CAP;A;2015;6393895824;
CHE;GDP;TOT;USD_CAP;A;2016;6421584264;
TUR;GDP;TOT;USD_CAP;A;1970;1775702738;E
TUR;GDP;TOT;USD_CAP;A;1971;1920975899;E
TUR;GDP;TOT;USD_CAP;A;1972;2099666922;E
TUR;GDP;TOT;USD_CAP;A;1973;2230501446;E
TUR;GDP;TOT;USD_CAP;A;1974;2503826465;E
TUR;GDP;TOT;USD_CAP;A;1975;2855755174;E
TUR;GDP;TOT;USD_CAP;A;1976;3260074936;E
TUR;GDP;TOT;USD_CAP;A;1977;3507423873;E
TUR;GDP;TOT;USD_CAP;A;1978;3732680772;E
TUR;GDP;TOT;USD_CAP;A;1979;3934976842;E
TUR;GDP;TOT;USD_CAP;A;1980;4099969493;E
TUR;GDP;TOT;USD_CAP;A;1981;4591937736;E
TUR;GDP;TOT;USD_CAP;A;1982;4925184934;E
TUR;GDP;TOT;USD_CAP;A;1983;524042237;E
TUR;GDP;TOT;USD_CAP;A;1984;5651511037;E
TUR;GDP;TOT;USD_CAP;A;1985;5928176571;E
TUR;GDP;TOT;USD_CAP;A;1986;6324240389;E
TUR;GDP;TOT;USD_CAP;A;1987;6974673259;E
TUR;GDP;TOT;USD_CAP;A;1988;7249497079;E
TUR;GDP;TOT;USD_CAP;A;1989;7423884533;E
TUR;GDP;TOT;USD_CAP;A;1990;8272936838;E
TUR;GDP;TOT;USD_CAP;A;1991;848797025;E
TUR;GDP;TOT;USD_CAP;A;1992;9050601905;E
TUR;GDP;TOT;USD_CAP;A;1993;9849903259;E
TUR;GDP;TOT;USD_CAP;A;1994;9362012013;E
TUR;GDP;TOT;USD_CAP;A;1995;1008810694;E
TUR;GDP;TOT;USD_CAP;A;1996;1081030118;E
TUR;GDP;TOT;USD_CAP;A;1997;1164131513;E
TUR;GDP;TOT;USD_CAP;A;1998;8930799866;
TUR;GDP;TOT;USD_CAP;A;1999;8608417262;
TUR;GDP;TOT;USD_CAP;A;2000;9432853962;
TUR;GDP;TOT;USD_CAP;A;2001;9082035216;
TUR;GDP;TOT;USD_CAP;A;2002;9207886408;
TUR;GDP;TOT;USD_CAP;A;2003;949134279;
TUR;GDP;TOT;USD_CAP;A;2004;1074587086;
TUR;GDP;TOT;USD_CAP;A;2005;1177298891;
TUR;GDP;TOT;USD_CAP;A;2006;1349620018;
TUR;GDP;TOT;USD_CAP;A;2007;1471543023;
TUR;GDP;TOT;USD_CAP;A;2008;1590107695;
TUR;GDP;TOT;USD_CAP;A;2009;1533323286;
TUR;GDP;TOT;USD_CAP;A;2010;1726449798;
TUR;GDP;TOT;USD_CAP;A;2011;1951718146;
TUR;GDP;TOT;USD_CAP;A;2012;2054929308;E
TUR;GDP;TOT;USD_CAP;A;2013;2231440367;E
TUR;GDP;TOT;USD_CAP;A;2014;2415880637;E
TUR;GDP;TOT;USD_CAP;A;2015;2598621094;E
TUR;GDP;TOT;USD_CAP;A;2016;26676646;E
GBR;GDP;TOT;USD_CAP;A;1960;2186298678;
GBR;GDP;TOT;USD_CAP;A;1961;2248226997;
GBR;GDP;TOT;USD_CAP;A;1962;2296179887;
GBR;GDP;TOT;USD_CAP;A;1963;2419069763;
GBR;GDP;TOT;USD_CAP;A;1964;2563492244;
GBR;GDP;TOT;USD_CAP;A;1965;2694142395;
GBR;GDP;TOT;USD_CAP;A;1966;2834567525;
GBR;GDP;TOT;USD_CAP;A;1967;2976523362;
GBR;GDP;TOT;USD_CAP;A;1968;3268199673;
GBR;GDP;TOT;USD_CAP;A;1969;3507172729;
GBR;GDP;TOT;USD_CAP;A;1970;3555583223;
GBR;GDP;TOT;USD_CAP;A;1971;3845530241;
GBR;GDP;TOT;USD_CAP;A;1972;4171741374;
GBR;GDP;TOT;USD_CAP;A;1973;4676250945;
GBR;GDP;TOT;USD_CAP;A;1974;4970341667;
GBR;GDP;TOT;USD_CAP;A;1975;535135338;
GBR;GDP;TOT;USD_CAP;A;1976;5811190408;
GBR;GDP;TOT;USD_CAP;A;1977;6325980516;
GBR;GDP;TOT;USD_CAP;A;1978;7056951193;
GBR;GDP;TOT;USD_CAP;A;1979;7919635593;
GBR;GDP;TOT;USD_CAP;A;1980;844640441;
GBR;GDP;TOT;USD_CAP;A;1981;9169777553;
GBR;GDP;TOT;USD_CAP;A;1982;994388246;
GBR;GDP;TOT;USD_CAP;A;1983;1076484693;
GBR;GDP;TOT;USD_CAP;A;1984;1138827908;
GBR;GDP;TOT;USD_CAP;A;1985;1220992619;
GBR;GDP;TOT;USD_CAP;A;1986;1281551713;
GBR;GDP;TOT;USD_CAP;A;1987;1380004267;
GBR;GDP;TOT;USD_CAP;A;1988;1507825443;
GBR;GDP;TOT;USD_CAP;A;1989;1602664776;
GBR;GDP;TOT;USD_CAP;A;1990;1670114244;
GBR;GDP;TOT;USD_CAP;A;1991;1701856911;
GBR;GDP;TOT;USD_CAP;A;1992;1742720563;
GBR;GDP;TOT;USD_CAP;A;1993;1825002792;
GBR;GDP;TOT;USD_CAP;A;1994;1931343724;
GBR;GDP;TOT;USD_CAP;A;1995;2043268843;
GBR;GDP;TOT;USD_CAP;A;1996;2176111834;
GBR;GDP;TOT;USD_CAP;A;1997;2296047981;
GBR;GDP;TOT;USD_CAP;A;1998;2352004503;
GBR;GDP;TOT;USD_CAP;A;1999;242090227;
GBR;GDP;TOT;USD_CAP;A;2000;262580183;
GBR;GDP;TOT;USD_CAP;A;2001;2751544915;
GBR;GDP;TOT;USD_CAP;A;2002;2888413784;
GBR;GDP;TOT;USD_CAP;A;2003;3013151824;
GBR;GDP;TOT;USD_CAP;A;2004;3180858764;
GBR;GDP;TOT;USD_CAP;A;2005;3248591565;
GBR;GDP;TOT;USD_CAP;A;2006;345656378;
GBR;GDP;TOT;USD_CAP;A;2007;3540951876;
GBR;GDP;TOT;USD_CAP;A;2008;3641647554;
GBR;GDP;TOT;USD_CAP;A;2009;3477792349;
GBR;GDP;TOT;USD_CAP;A;2010;3601632266;
GBR;GDP;TOT;USD_CAP;A;2011;3680514493;
GBR;GDP;TOT;USD_CAP;A;2012;3790846975;
GBR;GDP;TOT;USD_CAP;A;2013;3951905147;
GBR;GDP;TOT;USD_CAP;A;2014;408777285;
GBR;GDP;TOT;USD_CAP;A;2015;4205507993;
GBR;GDP;TOT;USD_CAP;A;2016;4294290386;
USA;GDP;TOT;USD_CAP;A;1970;5233352349;
USA;GDP;TOT;USD_CAP;A;1971;5608545346;
USA;GDP;TOT;USD_CAP;A;1972;609320516;
USA;GDP;TOT;USD_CAP;A;1973;6725406839;
USA;GDP;TOT;USD_CAP;A;1974;7224204995;
USA;GDP;TOT;USD_CAP;A;1975;7801167695;
USA;GDP;TOT;USD_CAP;A;1976;8590244216;
USA;GDP;TOT;USD_CAP;A;1977;9450431025;
USA;GDP;TOT;USD_CAP;A;1978;1056286018;
USA;GDP;TOT;USD_CAP;A;1979;1167154141;
USA;GDP;TOT;USD_CAP;A;1980;1254712681;
USA;GDP;TOT;USD_CAP;A;1981;1394317589;
USA;GDP;TOT;USD_CAP;A;1982;1439935319;
USA;GDP;TOT;USD_CAP;A;1983;1550800784;
USA;GDP;TOT;USD_CAP;A;1984;1708001472;
USA;GDP;TOT;USD_CAP;A;1985;181923264;
USA;GDP;TOT;USD_CAP;A;1986;1902764632;
USA;GDP;TOT;USD_CAP;A;1987;1999322608;
USA;GDP;TOT;USD_CAP;A;1988;2136789616;
USA;GDP;TOT;USD_CAP;A;1989;2280467446;
USA;GDP;TOT;USD_CAP;A;1990;2383531923;
USA;GDP;TOT;USD_CAP;A;1991;2428954759;
USA;GDP;TOT;USD_CAP;A;1992;2537862464;
USA;GDP;TOT;USD_CAP;A;1993;2635049293;
USA;GDP;TOT;USD_CAP;A;1994;2766026836;
USA;GDP;TOT;USD_CAP;A;1995;2865751272;
USA;GDP;TOT;USD_CAP;A;1996;2993215777;
USA;GDP;TOT;USD_CAP;A;1997;3142443893;
USA;GDP;TOT;USD_CAP;A;1998;32817982;
USA;GDP;TOT;USD_CAP;A;1999;3447797213;
USA;GDP;TOT;USD_CAP;A;2000;3630460202;
USA;GDP;TOT;USD_CAP;A;2001;370999106;
USA;GDP;TOT;USD_CAP;A;2002;3797960793;
USA;GDP;TOT;USD_CAP;A;2003;3942608714;
USA;GDP;TOT;USD_CAP;A;2004;4164784391;
USA;GDP;TOT;USD_CAP;A;2005;4404373414;
USA;GDP;TOT;USD_CAP;A;2006;462308462;
USA;GDP;TOT;USD_CAP;A;2007;4790206035;
USA;GDP;TOT;USD_CAP;A;2008;483112237;
USA;GDP;TOT;USD_CAP;A;2009;470281604;
USA;GDP;TOT;USD_CAP;A;2010;483936164;
USA;GDP;TOT;USD_CAP;A;2011;4980032554;
USA;GDP;TOT;USD_CAP;A;2012;5152145852;
USA;GDP;TOT;USD_CAP;A;2013;530162888;
USA;GDP;TOT;USD_CAP;A;2014;5493520048;
USA;GDP;TOT;USD_CAP;A;2015;5670088042;
USA;GDP;TOT;USD_CAP;A;2016;5779746221;
CHL;GDP;TOT;USD_CAP;A;1986;3378139766;E
CHL;GDP;TOT;USD_CAP;A;1987;3626540396;E
CHL;GDP;TOT;USD_CAP;A;1988;3960913401;E
CHL;GDP;TOT;USD_CAP;A;1989;4475284781;E
CHL;GDP;TOT;USD_CAP;A;1990;4735818535;E
CHL;GDP;TOT;USD_CAP;A;1991;5190382613;E
CHL;GDP;TOT;USD_CAP;A;1992;5854374214;E
CHL;GDP;TOT;USD_CAP;A;1993;6299643818;E
CHL;GDP;TOT;USD_CAP;A;1994;6684534004;E
CHL;GDP;TOT;USD_CAP;A;1995;7422424717;E
CHL;GDP;TOT;USD_CAP;A;1996;8007106364;
CHL;GDP;TOT;USD_CAP;A;1997;8631577208;
CHL;GDP;TOT;USD_CAP;A;1998;8984419531;
CHL;GDP;TOT;USD_CAP;A;1999;8956789355;
CHL;GDP;TOT;USD_CAP;A;2000;9519174418;
CHL;GDP;TOT;USD_CAP;A;2001;9937064613;
CHL;GDP;TOT;USD_CAP;A;2002;1029291809;
CHL;GDP;TOT;USD_CAP;A;2003;1079377102;
CHL;GDP;TOT;USD_CAP;A;2004;1175751191;
CHL;GDP;TOT;USD_CAP;A;2005;1266785359;
CHL;GDP;TOT;USD_CAP;A;2006;1568521897;
CHL;GDP;TOT;USD_CAP;A;2007;1687226879;
CHL;GDP;TOT;USD_CAP;A;2008;1644733384;
CHL;GDP;TOT;USD_CAP;A;2009;1611989398;
CHL;GDP;TOT;USD_CAP;A;2010;1812908799;
CHL;GDP;TOT;USD_CAP;A;2011;2030278872;
CHL;GDP;TOT;USD_CAP;A;2012;2144653762;
CHL;GDP;TOT;USD_CAP;A;2013;2235253073;
CHL;GDP;TOT;USD_CAP;A;2014;2269162984;
CHL;GDP;TOT;USD_CAP;A;2015;2260071995;
CHL;GDP;TOT;USD_CAP;A;2016;2276069713;
CHN;GDP;TOT;USD_CAP;A;1980;311722929;
CHN;GDP;TOT;USD_CAP;A;1981;351299771;
CHN;GDP;TOT;USD_CAP;A;1982;398039914;
CHN;GDP;TOT;USD_CAP;A;1983;452405572;
CHN;GDP;TOT;USD_CAP;A;1984;533227522;
CHN;GDP;TOT;USD_CAP;A;1985;615755796;
CHN;GDP;TOT;USD_CAP;A;1986;673057921;
CHN;GDP;TOT;USD_CAP;A;1987;757219634;
CHN;GDP;TOT;USD_CAP;A;1988;858846318;
CHN;GDP;TOT;USD_CAP;A;1989;916057899;
CHN;GDP;TOT;USD_CAP;A;1990;979541752;
CHN;GDP;TOT;USD_CAP;A;1991;1091981461;
CHN;GDP;TOT;USD_CAP;A;1992;1260974738;
CHN;GDP;TOT;USD_CAP;A;1993;145330934;
CHN;GDP;TOT;USD_CAP;A;1994;1659303163;
CHN;GDP;TOT;USD_CAP;A;1995;1859657831;
CHN;GDP;TOT;USD_CAP;A;1996;206004374;
CHN;GDP;TOT;USD_CAP;A;1997;2265812737;
CHN;GDP;TOT;USD_CAP;A;1998;2447446891;
CHN;GDP;TOT;USD_CAP;A;1999;2653629616;
CHN;GDP;TOT;USD_CAP;A;2000;2922239364;
CHN;GDP;TOT;USD_CAP;A;2001;3215672512;
CHN;GDP;TOT;USD_CAP;A;2002;3540243681;
CHN;GDP;TOT;USD_CAP;A;2003;3949409942;
CHN;GDP;TOT;USD_CAP;A;2004;4442164849;
CHN;GDP;TOT;USD_CAP;A;2005;5077604087;
CHN;GDP;TOT;USD_CAP;A;2006;5868232808;
CHN;GDP;TOT;USD_CAP;A;2007;6846293865;
CHN;GDP;TOT;USD_CAP;A;2008;7615725389;
CHN;GDP;TOT;USD_CAP;A;2009;8354100889;
CHN;GDP;TOT;USD_CAP;A;2010;9310816301;
CHN;GDP;TOT;USD_CAP;A;2011;1035954996;
CHN;GDP;TOT;USD_CAP;A;2012;1132301998;
CHN;GDP;TOT;USD_CAP;A;2013;1233760652;
CHN;GDP;TOT;USD_CAP;A;2014;1340559344;
CHN;GDP;TOT;USD_CAP;A;2015;1441435412;
CHN;GDP;TOT;USD_CAP;A;2016;1548520073;
COL;GDP;TOT;USD_CAP;A;1985;3913014178;E
COL;GDP;TOT;USD_CAP;A;1986;4176673368;E
COL;GDP;TOT;USD_CAP;A;1987;4478419215;E
COL;GDP;TOT;USD_CAP;A;1988;4775939791;E
COL;GDP;TOT;USD_CAP;A;1989;5061952431;E
COL;GDP;TOT;USD_CAP;A;1990;5477897183;E
COL;GDP;TOT;USD_CAP;A;1991;5736740579;E
COL;GDP;TOT;USD_CAP;A;1992;6068997509;E
COL;GDP;TOT;USD_CAP;A;1993;6286830927;E
COL;GDP;TOT;USD_CAP;A;1994;5808506894;E
COL;GDP;TOT;USD_CAP;A;1995;6300084552;E
COL;GDP;TOT;USD_CAP;A;1996;6571388933;E
COL;GDP;TOT;USD_CAP;A;1997;6945209488;E
COL;GDP;TOT;USD_CAP;A;1998;7107031099;E
COL;GDP;TOT;USD_CAP;A;1999;6893186107;E
COL;GDP;TOT;USD_CAP;A;2000;6159440685;E
COL;GDP;TOT;USD_CAP;A;2001;6369297476;E
COL;GDP;TOT;USD_CAP;A;2002;6594665555;E
COL;GDP;TOT;USD_CAP;A;2003;7065081897;E
COL;GDP;TOT;USD_CAP;A;2004;7591336419;E
COL;GDP;TOT;USD_CAP;A;2005;8246031712;
COL;GDP;TOT;USD_CAP;A;2006;8968118865;
COL;GDP;TOT;USD_CAP;A;2007;9729019862;
COL;GDP;TOT;USD_CAP;A;2008;1013964302;
COL;GDP;TOT;USD_CAP;A;2009;1030117192;
COL;GDP;TOT;USD_CAP;A;2010;1074153563;
COL;GDP;TOT;USD_CAP;A;2011;115536719;
COL;GDP;TOT;USD_CAP;A;2012;1216594305;
COL;GDP;TOT;USD_CAP;A;2013;128412828;E
COL;GDP;TOT;USD_CAP;A;2014;1353566058;
COL;GDP;TOT;USD_CAP;A;2015;1392804805;
COL;GDP;TOT;USD_CAP;A;2016;1427762581;
EST;GDP;TOT;USD_CAP;A;1993;5571895345;E
EST;GDP;TOT;USD_CAP;A;1994;5727395282;E
EST;GDP;TOT;USD_CAP;A;1995;6234168342;
EST;GDP;TOT;USD_CAP;A;1996;6779491886;
EST;GDP;TOT;USD_CAP;A;1997;78059973;
EST;GDP;TOT;USD_CAP;A;1998;8323897906;
EST;GDP;TOT;USD_CAP;A;1999;8435213415;
EST;GDP;TOT;USD_CAP;A;2000;9392255717;
EST;GDP;TOT;USD_CAP;A;2001;1026885392;
EST;GDP;TOT;USD_CAP;A;2002;1155584553;
EST;GDP;TOT;USD_CAP;A;2003;1302212871;
EST;GDP;TOT;USD_CAP;A;2004;1437984154;
EST;GDP;TOT;USD_CAP;A;2005;1646602273;
EST;GDP;TOT;USD_CAP;A;2006;1920252252;
EST;GDP;TOT;USD_CAP;A;2007;2192798825;
EST;GDP;TOT;USD_CAP;A;2008;2264184013;
EST;GDP;TOT;USD_CAP;A;2009;2048418362;
EST;GDP;TOT;USD_CAP;A;2010;2155216918;
EST;GDP;TOT;USD_CAP;A;2011;2450134442;
EST;GDP;TOT;USD_CAP;A;2012;2597331691;
EST;GDP;TOT;USD_CAP;A;2013;2744985271;
EST;GDP;TOT;USD_CAP;A;2014;2893652979;
EST;GDP;TOT;USD_CAP;A;2015;2925984171;
EST;GDP;TOT;USD_CAP;A;2016;308949506;
IND;GDP;TOT;USD_CAP;A;2004;2616706221;E
IND;GDP;TOT;USD_CAP;A;2005;2906308327;E
IND;GDP;TOT;USD_CAP;A;2006;322643365;E
IND;GDP;TOT;USD_CAP;A;2007;3585815724;E
IND;GDP;TOT;USD_CAP;A;2008;3745750638;E
IND;GDP;TOT;USD_CAP;A;2009;4038251028;E
IND;GDP;TOT;USD_CAP;A;2010;4414060389;E
IND;GDP;TOT;USD_CAP;A;2011;4739373347;
IND;GDP;TOT;USD_CAP;A;2012;5028214828;
IND;GDP;TOT;USD_CAP;A;2013;5366192385;
IND;GDP;TOT;USD_CAP;A;2014;5793188071;
IND;GDP;TOT;USD_CAP;A;2015;6254551269;
IND;GDP;TOT;USD_CAP;A;2016;6701318431;
IDN;GDP;TOT;USD_CAP;A;1993;4627787273;E
IDN;GDP;TOT;USD_CAP;A;1994;5012580752;E
IDN;GDP;TOT;USD_CAP;A;1995;5461433736;E
IDN;GDP;TOT;USD_CAP;A;1996;5913277703;E
IDN;GDP;TOT;USD_CAP;A;1997;6210363972;E
IDN;GDP;TOT;USD_CAP;A;1998;5378536193;E
IDN;GDP;TOT;USD_CAP;A;1999;542818952;E
IDN;GDP;TOT;USD_CAP;A;2000;5192625618;E
IDN;GDP;TOT;USD_CAP;A;2001;542204846;E
IDN;GDP;TOT;USD_CAP;A;2002;566685626;E
IDN;GDP;TOT;USD_CAP;A;2003;5965481353;E
IDN;GDP;TOT;USD_CAP;A;2004;6341490873;E
IDN;GDP;TOT;USD_CAP;A;2005;6814566794;E
IDN;GDP;TOT;USD_CAP;A;2006;729936015;E
IDN;GDP;TOT;USD_CAP;A;2007;7849776281;E
IDN;GDP;TOT;USD_CAP;A;2008;8358038025;
IDN;GDP;TOT;USD_CAP;A;2009;850548813;
IDN;GDP;TOT;USD_CAP;A;2010;8401653869;
IDN;GDP;TOT;USD_CAP;A;2011;8973562971;
IDN;GDP;TOT;USD_CAP;A;2012;9554336766;
IDN;GDP;TOT;USD_CAP;A;2013;1010842992;
IDN;GDP;TOT;USD_CAP;A;2014;1066161875;
IDN;GDP;TOT;USD_CAP;A;2015;11156.9;
IDN;GDP;TOT;USD_CAP;A;2016;117191773;
ISR;GDP;TOT;USD_CAP;A;1995;1988768269;
ISR;GDP;TOT;USD_CAP;A;1996;2074158315;
ISR;GDP;TOT;USD_CAP;A;1997;2140661743;
ISR;GDP;TOT;USD_CAP;A;1998;2200799647;
ISR;GDP;TOT;USD_CAP;A;1999;2252197961;
ISR;GDP;TOT;USD_CAP;A;2000;2485383812;
ISR;GDP;TOT;USD_CAP;A;2001;2483344681;
ISR;GDP;TOT;USD_CAP;A;2002;2512807943;
ISR;GDP;TOT;USD_CAP;A;2003;2370630118;
ISR;GDP;TOT;USD_CAP;A;2004;250974926;
ISR;GDP;TOT;USD_CAP;A;2005;2470019575;
ISR;GDP;TOT;USD_CAP;A;2006;2554451103;
ISR;GDP;TOT;USD_CAP;A;2007;2730857603;
ISR;GDP;TOT;USD_CAP;A;2008;2725709251;
ISR;GDP;TOT;USD_CAP;A;2009;2751216613;
ISR;GDP;TOT;USD_CAP;A;2010;2884002884;
ISR;GDP;TOT;USD_CAP;A;2011;3057968706;
ISR;GDP;TOT;USD_CAP;A;2012;317384618;
ISR;GDP;TOT;USD_CAP;A;2013;3419322611;
ISR;GDP;TOT;USD_CAP;A;2014;3427784216;
ISR;GDP;TOT;USD_CAP;A;2015;3552726299;
ISR;GDP;TOT;USD_CAP;A;2016;3752492187;
RUS;GDP;TOT;USD_CAP;A;1995;603976801;E
RUS;GDP;TOT;USD_CAP;A;1996;5937096879;E
RUS;GDP;TOT;USD_CAP;A;1997;6133019547;E
RUS;GDP;TOT;USD_CAP;A;1998;5880281292;E
RUS;GDP;TOT;USD_CAP;A;1999;6363686444;E
RUS;GDP;TOT;USD_CAP;A;2000;7343972601;E
RUS;GDP;TOT;USD_CAP;A;2001;7920668176;E
RUS;GDP;TOT;USD_CAP;A;2002;8648175878;E
RUS;GDP;TOT;USD_CAP;A;2003;996810134;E
RUS;GDP;TOT;USD_CAP;A;2004;1101529316;E
RUS;GDP;TOT;USD_CAP;A;2005;1273390072;E
RUS;GDP;TOT;USD_CAP;A;2006;1606203071;E
RUS;GDP;TOT;USD_CAP;A;2007;1793189294;E
RUS;GDP;TOT;USD_CAP;A;2008;2171830961;E
RUS;GDP;TOT;USD_CAP;A;2009;2088498809;E
RUS;GDP;TOT;USD_CAP;A;2010;2207000308;E
RUS;GDP;TOT;USD_CAP;A;2011;2431003713;
RUS;GDP;TOT;USD_CAP;A;2012;2578455968;
RUS;GDP;TOT;USD_CAP;A;2013;262402588;
RUS;GDP;TOT;USD_CAP;A;2014;257974991;
RUS;GDP;TOT;USD_CAP;A;2015;2410114988;
RUS;GDP;TOT;USD_CAP;A;2016;2408051901;
SVN;GDP;TOT;USD_CAP;A;1995;1356416583;
SVN;GDP;TOT;USD_CAP;A;1996;1426312956;
SVN;GDP;TOT;USD_CAP;A;1997;1526807162;
SVN;GDP;TOT;USD_CAP;A;1998;1603485561;
SVN;GDP;TOT;USD_CAP;A;1999;1706140537;
SVN;GDP;TOT;USD_CAP;A;2000;1804609887;
SVN;GDP;TOT;USD_CAP;A;2001;1895631371;
SVN;GDP;TOT;USD_CAP;A;2002;2029991416;
SVN;GDP;TOT;USD_CAP;A;2003;2112781425;
SVN;GDP;TOT;USD_CAP;A;2004;2277389246;
SVN;GDP;TOT;USD_CAP;A;2005;2394120173;
SVN;GDP;TOT;USD_CAP;A;2006;2575060409;
SVN;GDP;TOT;USD_CAP;A;2007;2759548444;
SVN;GDP;TOT;USD_CAP;A;2008;2962587145;B
SVN;GDP;TOT;USD_CAP;A;2009;2744919265;
SVN;GDP;TOT;USD_CAP;A;2010;2773614692;
SVN;GDP;TOT;USD_CAP;A;2011;2880473958;
SVN;GDP;TOT;USD_CAP;A;2012;2890636212;
SVN;GDP;TOT;USD_CAP;A;2013;2980270044;
SVN;GDP;TOT;USD_CAP;A;2014;3084729099;
SVN;GDP;TOT;USD_CAP;A;2015;3164904228;
SVN;GDP;TOT;USD_CAP;A;2016;3319057645;
ZAF;GDP;TOT;USD_CAP;A;1985;569929117;
ZAF;GDP;TOT;USD_CAP;A;1986;5683360554;
ZAF;GDP;TOT;USD_CAP;A;1987;5820282739;
ZAF;GDP;TOT;USD_CAP;A;1988;6132482625;
ZAF;GDP;TOT;USD_CAP;A;1989;6462045029;
ZAF;GDP;TOT;USD_CAP;A;1990;6512332079;
ZAF;GDP;TOT;USD_CAP;A;1991;6517474653;
ZAF;GDP;TOT;USD_CAP;A;1992;6384322626;
ZAF;GDP;TOT;USD_CAP;A;1993;6476917933;
ZAF;GDP;TOT;USD_CAP;A;1994;6686259293;
ZAF;GDP;TOT;USD_CAP;A;1995;6894620731;
ZAF;GDP;TOT;USD_CAP;A;1996;7177841419;
ZAF;GDP;TOT;USD_CAP;A;1997;7349020224;
ZAF;GDP;TOT;USD_CAP;A;1998;73286406;
ZAF;GDP;TOT;USD_CAP;A;1999;7482181843;
ZAF;GDP;TOT;USD_CAP;A;2000;7838632675;
ZAF;GDP;TOT;USD_CAP;A;2001;8105749293;
ZAF;GDP;TOT;USD_CAP;A;2002;8327474258;
ZAF;GDP;TOT;USD_CAP;A;2003;8642426981;
ZAF;GDP;TOT;USD_CAP;A;2004;9173917364;
ZAF;GDP;TOT;USD_CAP;A;2005;9847081746;
ZAF;GDP;TOT;USD_CAP;A;2006;1058428772;
ZAF;GDP;TOT;USD_CAP;A;2007;1130178231;
ZAF;GDP;TOT;USD_CAP;A;2008;1173526145;
ZAF;GDP;TOT;USD_CAP;A;2009;114862726;
ZAF;GDP;TOT;USD_CAP;A;2010;118155201;
ZAF;GDP;TOT;USD_CAP;A;2011;1223412962;
ZAF;GDP;TOT;USD_CAP;A;2012;1260021291;
ZAF;GDP;TOT;USD_CAP;A;2013;129294325;
ZAF;GDP;TOT;USD_CAP;A;2014;1320367061;
ZAF;GDP;TOT;USD_CAP;A;2015;133107044;
ZAF;GDP;TOT;USD_CAP;A;2016;1334481782;
DEW;GDP;TOT;USD_CAP;A;1970;4562672226;
DEW;GDP;TOT;USD_CAP;A;1971;4892259126;
DEW;GDP;TOT;USD_CAP;A;1972;529197128;
DEW;GDP;TOT;USD_CAP;A;1973;5817915555;
DEW;GDP;TOT;USD_CAP;A;1974;6389028716;
DEW;GDP;TOT;USD_CAP;A;1975;6945497442;
DEW;GDP;TOT;USD_CAP;A;1976;7726674065;
DEW;GDP;TOT;USD_CAP;A;1977;8498827583;
DEW;GDP;TOT;USD_CAP;A;1978;9380302036;
DEW;GDP;TOT;USD_CAP;A;1979;1057038782;
DEW;GDP;TOT;USD_CAP;A;1980;1164691142;
DEW;GDP;TOT;USD_CAP;A;1981;1277736095;
DEW;GDP;TOT;USD_CAP;A;1982;1352633154;
DEW;GDP;TOT;USD_CAP;A;1983;1433125622;
DEW;GDP;TOT;USD_CAP;A;1984;1532073746;
DEW;GDP;TOT;USD_CAP;A;1985;1621880661;
DEW;GDP;TOT;USD_CAP;A;1986;1691275262;
DEW;GDP;TOT;USD_CAP;A;1987;1758446441;
DEW;GDP;TOT;USD_CAP;A;1988;1876025042;
DEW;GDP;TOT;USD_CAP;A;1989;2004914509;
DEW;GDP;TOT;USD_CAP;A;1990;2147147805;
DEW;GDP;TOT;USD_CAP;A;1991;2302052001;
EU28;GDP;TOT;USD_CAP;A;1995;1808805187;
EU28;GDP;TOT;USD_CAP;A;1996;1878591005;
EU28;GDP;TOT;USD_CAP;A;1997;1958989281;
EU28;GDP;TOT;USD_CAP;A;1998;2044930153;
EU28;GDP;TOT;USD_CAP;A;1999;2122243967;
EU28;GDP;TOT;USD_CAP;A;2000;2263221536;
EU28;GDP;TOT;USD_CAP;A;2001;2374487143;
EU28;GDP;TOT;USD_CAP;A;2002;2482274434;
EU28;GDP;TOT;USD_CAP;A;2003;2541501884;
EU28;GDP;TOT;USD_CAP;A;2004;2664247791;
EU28;GDP;TOT;USD_CAP;A;2005;2759100125;
EU28;GDP;TOT;USD_CAP;A;2006;2984962522;
EU28;GDP;TOT;USD_CAP;A;2007;3163759059;
EU28;GDP;TOT;USD_CAP;A;2008;3307331957;
EU28;GDP;TOT;USD_CAP;A;2009;3226242399;
EU28;GDP;TOT;USD_CAP;A;2010;3331168528;
EU28;GDP;TOT;USD_CAP;A;2011;3470334749;
EU28;GDP;TOT;USD_CAP;A;2012;3525790822;
EU28;GDP;TOT;USD_CAP;A;2013;3649925938;
EU28;GDP;TOT;USD_CAP;A;2014;375575781;
EU28;GDP;TOT;USD_CAP;A;2015;3871828427;
EU28;GDP;TOT;USD_CAP;A;2016;402205836;
OECD;GDP;TOT;USD_CAP;A;1970;3568389095;E
OECD;GDP;TOT;USD_CAP;A;1971;3842796655;E
OECD;GDP;TOT;USD_CAP;A;1972;4181261299;E
OECD;GDP;TOT;USD_CAP;A;1973;4629039922;E
OECD;GDP;TOT;USD_CAP;A;1974;5048764278;E
OECD;GDP;TOT;USD_CAP;A;1975;5484377231;E
OECD;GDP;TOT;USD_CAP;A;1976;6011907435;E
OECD;GDP;TOT;USD_CAP;A;1977;6557463175;E
OECD;GDP;TOT;USD_CAP;A;1978;7265725831;E
OECD;GDP;TOT;USD_CAP;A;1979;8098301724;E
OECD;GDP;TOT;USD_CAP;A;1980;8855024974;E
OECD;GDP;TOT;USD_CAP;A;1981;9826440299;E
OECD;GDP;TOT;USD_CAP;A;1982;1035800752;E
OECD;GDP;TOT;USD_CAP;A;1983;109949206;E
OECD;GDP;TOT;USD_CAP;A;1984;1184261742;E
OECD;GDP;TOT;USD_CAP;A;1985;1257696754;E
OECD;GDP;TOT;USD_CAP;A;1986;1311068024;E
OECD;GDP;TOT;USD_CAP;A;1987;138289935;E
OECD;GDP;TOT;USD_CAP;A;1988;1485168819;E
OECD;GDP;TOT;USD_CAP;A;1989;1588282859;E
OECD;GDP;TOT;USD_CAP;A;1990;168304167;E
OECD;GDP;TOT;USD_CAP;A;1991;1749713752;E
OECD;GDP;TOT;USD_CAP;A;1992;1814334647;E
OECD;GDP;TOT;USD_CAP;A;1993;1868476192;E
OECD;GDP;TOT;USD_CAP;A;1994;1951533037;E
OECD;GDP;TOT;USD_CAP;A;1995;2030022475;E
OECD;GDP;TOT;USD_CAP;A;1996;2120789369;E
OECD;GDP;TOT;USD_CAP;A;1997;2220123483;E
OECD;GDP;TOT;USD_CAP;A;1998;2280966893;
OECD;GDP;TOT;USD_CAP;A;1999;2373222941;
OECD;GDP;TOT;USD_CAP;A;2000;25208107;
OECD;GDP;TOT;USD_CAP;A;2001;2599716126;
OECD;GDP;TOT;USD_CAP;A;2002;2682965665;
OECD;GDP;TOT;USD_CAP;A;2003;2761356674;
OECD;GDP;TOT;USD_CAP;A;2004;2908386385;
OECD;GDP;TOT;USD_CAP;A;2005;3047232453;
OECD;GDP;TOT;USD_CAP;A;2006;324972819;
OECD;GDP;TOT;USD_CAP;A;2007;3406123695;
OECD;GDP;TOT;USD_CAP;A;2008;3492605592;B
OECD;GDP;TOT;USD_CAP;A;2009;3398158028;
OECD;GDP;TOT;USD_CAP;A;2010;3528035632;
OECD;GDP;TOT;USD_CAP;A;2011;3667183947;P
OECD;GDP;TOT;USD_CAP;A;2012;376511705;E
OECD;GDP;TOT;USD_CAP;A;2013;3901054354;E
OECD;GDP;TOT;USD_CAP;A;2014;4017240587;E
OECD;GDP;TOT;USD_CAP;A;2015;4135112943;E
OECD;GDP;TOT;USD_CAP;A;2016;4246469629;E
OECDE;GDP;TOT;USD_CAP;A;1995;1819018792;E
OECDE;GDP;TOT;USD_CAP;A;1996;189264051;E
OECDE;GDP;TOT;USD_CAP;A;1997;1980405062;E
OECDE;GDP;TOT;USD_CAP;A;1998;2026200773;
OECDE;GDP;TOT;USD_CAP;A;1999;209604817;
OECDE;GDP;TOT;USD_CAP;A;2000;223947376;
OECDE;GDP;TOT;USD_CAP;A;2001;2332449815;
OECDE;GDP;TOT;USD_CAP;A;2002;2425160349;
OECDE;GDP;TOT;USD_CAP;A;2003;2476739964;
OECDE;GDP;TOT;USD_CAP;A;2004;2600604351;
OECDE;GDP;TOT;USD_CAP;A;2005;2699664292;
OECDE;GDP;TOT;USD_CAP;A;2006;2925914916;
OECDE;GDP;TOT;USD_CAP;A;2007;3097824681;
OECDE;GDP;TOT;USD_CAP;A;2008;3234948761;B
OECDE;GDP;TOT;USD_CAP;A;2009;3146499664;
OECDE;GDP;TOT;USD_CAP;A;2010;326585034;
OECDE;GDP;TOT;USD_CAP;A;2011;3421438442;P
OECDE;GDP;TOT;USD_CAP;A;2012;348388895;E
OECDE;GDP;TOT;USD_CAP;A;2013;3618414393;E
OECDE;GDP;TOT;USD_CAP;A;2014;3734068454;E
OECDE;GDP;TOT;USD_CAP;A;2015;3853989422;E
OECDE;GDP;TOT;USD_CAP;A;2016;3983662516;E
LVA;GDP;TOT;USD_CAP;A;1995;5508295523;
LVA;GDP;TOT;USD_CAP;A;1996;5796500471;
LVA;GDP;TOT;USD_CAP;A;1997;6484541115;
LVA;GDP;TOT;USD_CAP;A;1998;7076694796;
LVA;GDP;TOT;USD_CAP;A;1999;7405194403;
LVA;GDP;TOT;USD_CAP;A;2000;8019090469;
LVA;GDP;TOT;USD_CAP;A;2001;9033078821;
LVA;GDP;TOT;USD_CAP;A;2002;1006913309;
LVA;GDP;TOT;USD_CAP;A;2003;1102601799;
LVA;GDP;TOT;USD_CAP;A;2004;1221504476;
LVA;GDP;TOT;USD_CAP;A;2005;1384783979;
LVA;GDP;TOT;USD_CAP;A;2006;1575040339;
LVA;GDP;TOT;USD_CAP;A;2007;1812355015;
LVA;GDP;TOT;USD_CAP;A;2008;1942860513;
LVA;GDP;TOT;USD_CAP;A;2009;1686933449;
LVA;GDP;TOT;USD_CAP;A;2010;1756080356;
LVA;GDP;TOT;USD_CAP;A;2011;1978184554;
LVA;GDP;TOT;USD_CAP;A;2012;2125978844;
LVA;GDP;TOT;USD_CAP;A;2013;2267454579;
LVA;GDP;TOT;USD_CAP;A;2014;2380237063;
LVA;GDP;TOT;USD_CAP;A;2015;2472618336;
LVA;GDP;TOT;USD_CAP;A;2016;2584255802;
BRA;GDP;TOT;USD_CAP;A;2000;9091892265;
BRA;GDP;TOT;USD_CAP;A;2001;9296974644;
BRA;GDP;TOT;USD_CAP;A;2002;9603149244;
BRA;GDP;TOT;USD_CAP;A;2003;9785188819;
BRA;GDP;TOT;USD_CAP;A;2004;1050840812;
BRA;GDP;TOT;USD_CAP;A;2005;1106459252;
BRA;GDP;TOT;USD_CAP;A;2006;1172461212;
BRA;GDP;TOT;USD_CAP;A;2007;1263261971;
BRA;GDP;TOT;USD_CAP;A;2008;1339639825;
BRA;GDP;TOT;USD_CAP;A;2009;1334349442;
BRA;GDP;TOT;USD_CAP;A;2010;1438276105;
BRA;GDP;TOT;USD_CAP;A;2011;1513173384;
BRA;GDP;TOT;USD_CAP;A;2012;1557282619;
BRA;GDP;TOT;USD_CAP;A;2013;1616301194;
BRA;GDP;TOT;USD_CAP;A;2014;1639624183;
BRA;GDP;TOT;USD_CAP;A;2015;1584758256;
BRA;GDP;TOT;USD_CAP;A;2016;1538577831;
LTU;GDP;TOT;USD_CAP;A;1995;5924005185;
LTU;GDP;TOT;USD_CAP;A;1996;6379433952;
LTU;GDP;TOT;USD_CAP;A;1997;70698026;
LTU;GDP;TOT;USD_CAP;A;1998;7763053794;
LTU;GDP;TOT;USD_CAP;A;1999;7821713687;
LTU;GDP;TOT;USD_CAP;A;2000;8457726753;
LTU;GDP;TOT;USD_CAP;A;2001;9451595725;
LTU;GDP;TOT;USD_CAP;A;2002;104943647;
LTU;GDP;TOT;USD_CAP;A;2003;1206774925;
LTU;GDP;TOT;USD_CAP;A;2004;1303143298;
LTU;GDP;TOT;USD_CAP;A;2005;1452615953;
LTU;GDP;TOT;USD_CAP;A;2006;1648455841;
LTU;GDP;TOT;USD_CAP;A;2007;1909557157;
LTU;GDP;TOT;USD_CAP;A;2008;2074401133;
LTU;GDP;TOT;USD_CAP;A;2009;1814590711;
LTU;GDP;TOT;USD_CAP;A;2010;2009072403;
LTU;GDP;TOT;USD_CAP;A;2011;2285432403;
LTU;GDP;TOT;USD_CAP;A;2012;2465808639;
LTU;GDP;TOT;USD_CAP;A;2013;2666057762;
LTU;GDP;TOT;USD_CAP;A;2014;2817426101;
LTU;GDP;TOT;USD_CAP;A;2015;2891031386;
LTU;GDP;TOT;USD_CAP;A;2016;3029995929;
SAU;GDP;TOT;USD_CAP;A;1990;2744145679;
SAU;GDP;TOT;USD_CAP;A;1991;3156437721;
SAU;GDP;TOT;USD_CAP;A;1992;3258407204;
SAU;GDP;TOT;USD_CAP;A;1993;320184107;
SAU;GDP;TOT;USD_CAP;A;1994;3207195103;
SAU;GDP;TOT;USD_CAP;A;1995;3206650791;
SAU;GDP;TOT;USD_CAP;A;1996;3281984481;
SAU;GDP;TOT;USD_CAP;A;1997;3310290975;
SAU;GDP;TOT;USD_CAP;A;1998;33777675;
SAU;GDP;TOT;USD_CAP;A;1999;3233407581;
SAU;GDP;TOT;USD_CAP;A;2000;3413965495;
SAU;GDP;TOT;USD_CAP;A;2001;3362170673;
SAU;GDP;TOT;USD_CAP;A;2002;3226266043;
SAU;GDP;TOT;USD_CAP;A;2003;3555027705;
SAU;GDP;TOT;USD_CAP;A;2004;382932545;
SAU;GDP;TOT;USD_CAP;A;2005;4054714566;
SAU;GDP;TOT;USD_CAP;A;2006;4178254446;
SAU;GDP;TOT;USD_CAP;A;2007;4252036251;
SAU;GDP;TOT;USD_CAP;A;2008;4484192394;
SAU;GDP;TOT;USD_CAP;A;2009;4305581405;
SAU;GDP;TOT;USD_CAP;A;2010;4450242385;
SAU;GDP;TOT;USD_CAP;A;2011;4852463247;
SAU;GDP;TOT;USD_CAP;A;2012;5057339067;
SAU;GDP;TOT;USD_CAP;A;2013;5126486615;
SAU;GDP;TOT;USD_CAP;A;2014;5262825204;
SAU;GDP;TOT;USD_CAP;A;2015;5401387805;
SAU;GDP;TOT;USD_CAP;A;2016;543786981;
EA19;GDP;TOT;USD_CAP;A;1995;2045527838;
EA19;GDP;TOT;USD_CAP;A;1996;211028041;
EA19;GDP;TOT;USD_CAP;A;1997;219767409;
EA19;GDP;TOT;USD_CAP;A;1998;2301824195;
EA19;GDP;TOT;USD_CAP;A;1999;239175298;
EA19;GDP;TOT;USD_CAP;A;2000;2541288499;
EA19;GDP;TOT;USD_CAP;A;2001;2660440524;
EA19;GDP;TOT;USD_CAP;A;2002;276577108;
EA19;GDP;TOT;USD_CAP;A;2003;2807644961;
EA19;GDP;TOT;USD_CAP;A;2004;2919056076;
EA19;GDP;TOT;USD_CAP;A;2005;3023235266;
EA19;GDP;TOT;USD_CAP;A;2006;3265828924;
EA19;GDP;TOT;USD_CAP;A;2007;3456238213;
EA19;GDP;TOT;USD_CAP;A;2008;3590227895;
EA19;GDP;TOT;USD_CAP;A;2009;3500175451;
EA19;GDP;TOT;USD_CAP;A;2010;3596498906;
EA19;GDP;TOT;USD_CAP;A;2011;3742121368;
EA19;GDP;TOT;USD_CAP;A;2012;377871826;
EA19;GDP;TOT;USD_CAP;A;2013;3901523876;
EA19;GDP;TOT;USD_CAP;A;2014;4002348653;
EA19;GDP;TOT;USD_CAP;A;2015;4114868929;
EA19;GDP;TOT;USD_CAP;A;2016;4282344893;
ARG;GDP;TOT;USD_CAP;A;2004;1261502285;
ARG;GDP;TOT;USD_CAP;A;2005;1402861614;
ARG;GDP;TOT;USD_CAP;A;2006;154572244;
ARG;GDP;TOT;USD_CAP;A;2007;1712876313;
ARG;GDP;TOT;USD_CAP;A;2008;1799502673;
ARG;GDP;TOT;USD_CAP;A;2009;168936432;
ARG;GDP;TOT;USD_CAP;A;2010;1852926294;
ARG;GDP;TOT;USD_CAP;A;2011;1981745048;
ARG;GDP;TOT;USD_CAP;A;2012;1974952612;
ARG;GDP;TOT;USD_CAP;A;2013;2032248618;
ARG;GDP;TOT;USD_CAP;A;2014;1994690021;
ARG;GDP;TOT;USD_CAP;A;2015;2049180354;
ARG;GDP;TOT;USD_CAP;A;2016;2016073529;
CRI;GDP;TOT;USD_CAP;A;1991;5336343602;
CRI;GDP;TOT;USD_CAP;A;1992;5827658048;
CRI;GDP;TOT;USD_CAP;A;1993;6250047392;
CRI;GDP;TOT;USD_CAP;A;1994;6478128395;
CRI;GDP;TOT;USD_CAP;A;1995;6690088576;
CRI;GDP;TOT;USD_CAP;A;1996;6722279692;
CRI;GDP;TOT;USD_CAP;A;1997;7033950447;
CRI;GDP;TOT;USD_CAP;A;1998;7424679541;
CRI;GDP;TOT;USD_CAP;A;1999;7649647926;
CRI;GDP;TOT;USD_CAP;A;2000;794233039;
CRI;GDP;TOT;USD_CAP;A;2001;822990926;
CRI;GDP;TOT;USD_CAP;A;2002;8480331804;
CRI;GDP;TOT;USD_CAP;A;2003;8888359539;
CRI;GDP;TOT;USD_CAP;A;2004;9377668722;
CRI;GDP;TOT;USD_CAP;A;2005;9895269471;
CRI;GDP;TOT;USD_CAP;A;2006;1076700136;
CRI;GDP;TOT;USD_CAP;A;2007;1179203272;
CRI;GDP;TOT;USD_CAP;A;2008;1240479557;
CRI;GDP;TOT;USD_CAP;A;2009;1219118306;
CRI;GDP;TOT;USD_CAP;A;2010;1273311504;
CRI;GDP;TOT;USD_CAP;A;2011;1342885735;
CRI;GDP;TOT;USD_CAP;A;2012;1414464589;
CRI;GDP;TOT;USD_CAP;A;2013;1451248372;
CRI;GDP;TOT;USD_CAP;A;2014;1509894931;
CRI;GDP;TOT;USD_CAP;A;2015;1562377144;
CRI;GDP;TOT;USD_CAP;A;2016;1628411906;
BGR;GDP;TOT;USD_CAP;A;1995;7683999914;
BGR;GDP;TOT;USD_CAP;A;1996;6779383505;
BGR;GDP;TOT;USD_CAP;A;1997;5696733052;
BGR;GDP;TOT;USD_CAP;A;1998;6141186066;
BGR;GDP;TOT;USD_CAP;A;1999;5767150637;
BGR;GDP;TOT;USD_CAP;A;2000;6377865827;
BGR;GDP;TOT;USD_CAP;A;2001;6992582007;
BGR;GDP;TOT;USD_CAP;A;2002;7695241896;
BGR;GDP;TOT;USD_CAP;A;2003;8291749298;
BGR;GDP;TOT;USD_CAP;A;2004;9047416787;
BGR;GDP;TOT;USD_CAP;A;2005;1010448437;
BGR;GDP;TOT;USD_CAP;A;2006;1116953182;
BGR;GDP;TOT;USD_CAP;A;2007;1260969287;
BGR;GDP;TOT;USD_CAP;A;2008;1408298625;
BGR;GDP;TOT;USD_CAP;A;2009;1388377139;
BGR;GDP;TOT;USD_CAP;A;2010;1465910764;
BGR;GDP;TOT;USD_CAP;A;2011;1567613304;
BGR;GDP;TOT;USD_CAP;A;2012;1620828849;
BGR;GDP;TOT;USD_CAP;A;2013;1657094864;
BGR;GDP;TOT;USD_CAP;A;2014;1753431953;
BGR;GDP;TOT;USD_CAP;A;2015;1818645058;
BGR;GDP;TOT;USD_CAP;A;2016;1950035718;
HRV;GDP;TOT;USD_CAP;A;1995;8249413655;
HRV;GDP;TOT;USD_CAP;A;1996;917761791;
HRV;GDP;TOT;USD_CAP;A;1997;1006379449;
HRV;GDP;TOT;USD_CAP;A;1998;1048529659;
HRV;GDP;TOT;USD_CAP;A;1999;1003362844;
HRV;GDP;TOT;USD_CAP;A;2000;1107593505;
HRV;GDP;TOT;USD_CAP;A;2001;1166624985;
HRV;GDP;TOT;USD_CAP;A;2002;1266290723;
HRV;GDP;TOT;USD_CAP;A;2003;1353595473;
HRV;GDP;TOT;USD_CAP;A;2004;1449713734;
HRV;GDP;TOT;USD_CAP;A;2005;1528506619;
HRV;GDP;TOT;USD_CAP;A;2006;1740638046;
HRV;GDP;TOT;USD_CAP;A;2007;1932416015;
HRV;GDP;TOT;USD_CAP;A;2008;208314774;
HRV;GDP;TOT;USD_CAP;A;2009;2002951986;
HRV;GDP;TOT;USD_CAP;A;2010;1977624268;
HRV;GDP;TOT;USD_CAP;A;2011;2074740561;
HRV;GDP;TOT;USD_CAP;A;2012;2114919536;
HRV;GDP;TOT;USD_CAP;A;2013;2181323329;
HRV;GDP;TOT;USD_CAP;A;2014;2208924741;
HRV;GDP;TOT;USD_CAP;A;2015;2298415723;
HRV;GDP;TOT;USD_CAP;A;2016;2453569366;
CYP;GDP;TOT;USD_CAP;A;1995;1707000372;
CYP;GDP;TOT;USD_CAP;A;1996;1729809788;
CYP;GDP;TOT;USD_CAP;A;1997;1777911738;
CYP;GDP;TOT;USD_CAP;A;1998;1875817329;
CYP;GDP;TOT;USD_CAP;A;1999;1966209309;
CYP;GDP;TOT;USD_CAP;A;2000;2129221628;
CYP;GDP;TOT;USD_CAP;A;2001;2287282591;
CYP;GDP;TOT;USD_CAP;A;2002;2355693877;
CYP;GDP;TOT;USD_CAP;A;2003;2425299402;
CYP;GDP;TOT;USD_CAP;A;2004;259210935;
CYP;GDP;TOT;USD_CAP;A;2005;2776312283;
CYP;GDP;TOT;USD_CAP;A;2006;2998436546;
CYP;GDP;TOT;USD_CAP;A;2007;3285004705;
CYP;GDP;TOT;USD_CAP;A;2008;348239535;
CYP;GDP;TOT;USD_CAP;A;2009;3388825239;
CYP;GDP;TOT;USD_CAP;A;2010;3323061491;
CYP;GDP;TOT;USD_CAP;A;2011;3319235089;
CYP;GDP;TOT;USD_CAP;A;2012;3191474942;
CYP;GDP;TOT;USD_CAP;A;2013;3062071431;
CYP;GDP;TOT;USD_CAP;A;2014;303904603;
CYP;GDP;TOT;USD_CAP;A;2015;3157831281;
CYP;GDP;TOT;USD_CAP;A;2016;3368242407;
MLT;GDP;TOT;USD_CAP;A;1995;1386948066;
MLT;GDP;TOT;USD_CAP;A;1996;1457556127;
MLT;GDP;TOT;USD_CAP;A;1997;1541907313;
MLT;GDP;TOT;USD_CAP;A;1998;1607958698;
MLT;GDP;TOT;USD_CAP;A;1999;1682791622;
MLT;GDP;TOT;USD_CAP;A;2000;1829122238;
MLT;GDP;TOT;USD_CAP;A;2001;1841604543;
MLT;GDP;TOT;USD_CAP;A;2002;195864042;
MLT;GDP;TOT;USD_CAP;A;2003;2078224364;
MLT;GDP;TOT;USD_CAP;A;2004;2134185627;
MLT;GDP;TOT;USD_CAP;A;2005;2226571912;
MLT;GDP;TOT;USD_CAP;A;2006;2322741045;
MLT;GDP;TOT;USD_CAP;A;2007;248924959;
MLT;GDP;TOT;USD_CAP;A;2008;2619323036;
MLT;GDP;TOT;USD_CAP;A;2009;2614131485;
MLT;GDP;TOT;USD_CAP;A;2010;2781150461;
MLT;GDP;TOT;USD_CAP;A;2011;2859722229;
MLT;GDP;TOT;USD_CAP;A;2012;2944152973;
MLT;GDP;TOT;USD_CAP;A;2013;310747561;
MLT;GDP;TOT;USD_CAP;A;2014;3334554666;
MLT;GDP;TOT;USD_CAP;A;2015;3614165085;
MLT;GDP;TOT;USD_CAP;A;2016;3831244702;
PER;GDP;TOT;USD_CAP;A;2007;8094796648;
PER;GDP;TOT;USD_CAP;A;2008;890519766;
PER;GDP;TOT;USD_CAP;A;2009;8969960922;
PER;GDP;TOT;USD_CAP;A;2010;9725916416;
PER;GDP;TOT;USD_CAP;A;2011;1043587132;
PER;GDP;TOT;USD_CAP;A;2012;1115405192;
PER;GDP;TOT;USD_CAP;A;2013;11863962;P
PER;GDP;TOT;USD_CAP;A;2014;1222591376;P
ROU;GDP;TOT;USD_CAP;A;1995;5454282149;
ROU;GDP;TOT;USD_CAP;A;1996;57793114;
ROU;GDP;TOT;USD_CAP;A;1997;5606716392;
ROU;GDP;TOT;USD_CAP;A;1998;5582847844;
ROU;GDP;TOT;USD_CAP;A;1999;56358104;
ROU;GDP;TOT;USD_CAP;A;2000;5880027482;
ROU;GDP;TOT;USD_CAP;A;2001;6492281103;
ROU;GDP;TOT;USD_CAP;A;2002;7197289004;
ROU;GDP;TOT;USD_CAP;A;2003;782090234;
ROU;GDP;TOT;USD_CAP;A;2004;9131028129;
ROU;GDP;TOT;USD_CAP;A;2005;9723506315;
ROU;GDP;TOT;USD_CAP;A;2006;1168758137;
ROU;GDP;TOT;USD_CAP;A;2007;1379265585;
ROU;GDP;TOT;USD_CAP;A;2008;1672666673;
ROU;GDP;TOT;USD_CAP;A;2009;164927842;
ROU;GDP;TOT;USD_CAP;A;2010;1696641435;
ROU;GDP;TOT;USD_CAP;A;2011;1790757097;
ROU;GDP;TOT;USD_CAP;A;2012;1892953064;B
ROU;GDP;TOT;USD_CAP;A;2013;1979228145;
ROU;GDP;TOT;USD_CAP;A;2014;2061554011;
ROU;GDP;TOT;USD_CAP;A;2015;2162716076;
ROU;GDP;TOT;USD_CAP;A;2016;2386305822;
MKD;GDP;TOT;USD_CAP;A;2000;615267377;E
MKD;GDP;TOT;USD_CAP;A;2001;6052425616;E
MKD;GDP;TOT;USD_CAP;A;2002;639518274;E
MKD;GDP;TOT;USD_CAP;A;2003;6588175479;E
MKD;GDP;TOT;USD_CAP;A;2004;7165458647;E
MKD;GDP;TOT;USD_CAP;A;2005;7848910192;E
MKD;GDP;TOT;USD_CAP;A;2006;868123662;E
MKD;GDP;TOT;USD_CAP;A;2007;9341944994;E
MKD;GDP;TOT;USD_CAP;A;2008;1052189866;E
MKD;GDP;TOT;USD_CAP;A;2009;1101223941;E
MKD;GDP;TOT;USD_CAP;A;2010;1136008941;E
MKD;GDP;TOT;USD_CAP;A;2011;1168991256;E
MKD;GDP;TOT;USD_CAP;A;2012;1191569772;E
MKD;GDP;TOT;USD_CAP;A;2013;1272731987;E
MKD;GDP;TOT;USD_CAP;A;2014;1343478213;E
MKD;GDP;TOT;USD_CAP;A;2015;1389196842;E
MKD;GDP;TOT;USD_CAP;A;2016;1487234666;E
ZMB;GDP;TOT;USD_CAP;A;2006;2393130563;
ZMB;GDP;TOT;USD_CAP;A;2007;2589991464;
ZMB;GDP;TOT;USD_CAP;A;2008;2768962578;
ZMB;GDP;TOT;USD_CAP;A;2009;296139133;
ZMB;GDP;TOT;USD_CAP;A;2010;3212440198;
ZMB;GDP;TOT;USD_CAP;A;2011;3361649639;
ZMB;GDP;TOT;USD_CAP;A;2012;3576374986;
ZMB;GDP;TOT;USD_CAP;A;2013;370151812;
ZMB;GDP;TOT;USD_CAP;A;2014;3826159388;
ZMB;GDP;TOT;USD_CAP;A;2015;3862229627;