AUS;GDP;TOT;USD_CAP;A;1960;2.409.195.491;
AUS;GDP;TOT;USD_CAP;A;1961;2.379.705.491;
AUS;GDP;TOT;USD_CAP;A;1962;2.573.580.478;
AUS;GDP;TOT;USD_CAP;A;1963;2.748.475.664;
AUS;GDP;TOT;USD_CAP;A;1964;2.898.460.541;
AUS;GDP;TOT;USD_CAP;A;1965;2.997.714.205;
AUS;GDP;TOT;USD_CAP;A;1966;3.270.894.847;
AUS;GDP;TOT;USD_CAP;A;1967;3.442.171.342;
AUS;GDP;TOT;USD_CAP;A;1968;3.827.600.452;
AUS;GDP;TOT;USD_CAP;A;1969;420.174.299;
AUS;GDP;TOT;USD_CAP;A;1970;4.639.342.662;
AUS;GDP;TOT;USD_CAP;A;1971;4.850.462.534;
AUS;GDP;TOT;USD_CAP;A;1972;5.196.219.988;
AUS;GDP;TOT;USD_CAP;A;1973;5.780.332.232;
AUS;GDP;TOT;USD_CAP;A;1974;6.229.332.791;
AUS;GDP;TOT;USD_CAP;A;1975;6.920.647.946;
AUS;GDP;TOT;USD_CAP;A;1976;7.377.136.633;
AUS;GDP;TOT;USD_CAP;A;1977;7.707.309.245;
AUS;GDP;TOT;USD_CAP;A;1978;8.530.852.646;
AUS;GDP;TOT;USD_CAP;A;1979;9.431.085.927;
AUS;GDP;TOT;USD_CAP;A;1980;1.045.007.421;
AUS;GDP;TOT;USD_CAP;A;1981;1.192.442.216;
AUS;GDP;TOT;USD_CAP;A;1982;1.195.906.209;
AUS;GDP;TOT;USD_CAP;A;1983;1.274.259.392;
AUS;GDP;TOT;USD_CAP;A;1984;1.355.888.719;
AUS;GDP;TOT;USD_CAP;A;1985;1.449.543.076;
AUS;GDP;TOT;USD_CAP;A;1986;1.492.138.579;
AUS;GDP;TOT;USD_CAP;A;1987;1.603.794.566;
AUS;GDP;TOT;USD_CAP;A;1988;1.707.350.988;
AUS;GDP;TOT;USD_CAP;A;1989;1.779.014.102;
AUS;GDP;TOT;USD_CAP;A;1990;1.778.532.815;
AUS;GDP;TOT;USD_CAP;A;1991;1.813.243.296;
AUS;GDP;TOT;USD_CAP;A;1992;1.910.904.816;
AUS;GDP;TOT;USD_CAP;A;1993;2.013.347.355;
AUS;GDP;TOT;USD_CAP;A;1994;2.136.480.858;
AUS;GDP;TOT;USD_CAP;A;1995;2.237.299.337;
AUS;GDP;TOT;USD_CAP;A;1996;2.323.466.723;
AUS;GDP;TOT;USD_CAP;A;1997;2.441.368.059;
AUS;GDP;TOT;USD_CAP;A;1998;2.565.693.175;
AUS;GDP;TOT;USD_CAP;A;1999;2.709.822.128;
AUS;GDP;TOT;USD_CAP;A;2000;28.260.391;
AUS;GDP;TOT;USD_CAP;A;2001;2.945.358.552;
AUS;GDP;TOT;USD_CAP;A;2002;307.409.629;
AUS;GDP;TOT;USD_CAP;A;2003;3.220.398.217;
AUS;GDP;TOT;USD_CAP;A;2004;3.388.662.449;
AUS;GDP;TOT;USD_CAP;A;2005;3.557.080.802;
AUS;GDP;TOT;USD_CAP;A;2006;3.786.257.061;
AUS;GDP;TOT;USD_CAP;A;2007;3.961.285.651;
AUS;GDP;TOT;USD_CAP;A;2008;4.009.483.321;
AUS;GDP;TOT;USD_CAP;A;2009;4.161.363.616;
AUS;GDP;TOT;USD_CAP;A;2010;4.281.213.612;
AUS;GDP;TOT;USD_CAP;A;2011;4.441.930.975;
AUS;GDP;TOT;USD_CAP;A;2012;4.387.918.036;
AUS;GDP;TOT;USD_CAP;A;2013;4.776.121.406;
AUS;GDP;TOT;USD_CAP;A;2014;4.763.863.344;
AUS;GDP;TOT;USD_CAP;A;2015;4.735.104.729;
AUS;GDP;TOT;USD_CAP;A;2016;5.026.260.644;
AUT;GDP;TOT;USD_CAP;A;1970;382.361.049;E
AUT;GDP;TOT;USD_CAP;A;1971;4.203.710.914;E
AUT;GDP;TOT;USD_CAP;A;1972;4.631.120.403;E
AUT;GDP;TOT;USD_CAP;A;1973;5.095.273.075;E
AUT;GDP;TOT;USD_CAP;A;1974;5.762.932.267;E
AUT;GDP;TOT;USD_CAP;A;1975;6.290.473.623;E
AUT;GDP;TOT;USD_CAP;A;1976;695.234.804;E
AUT;GDP;TOT;USD_CAP;A;1977;7.756.466.328;E
AUT;GDP;TOT;USD_CAP;A;1978;8.291.264.657;E
AUT;GDP;TOT;USD_CAP;A;1979;9.476.283.505;E
AUT;GDP;TOT;USD_CAP;A;1980;1.051.117.056;E
AUT;GDP;TOT;USD_CAP;A;1981;1.145.989.211;E
AUT;GDP;TOT;USD_CAP;A;1982;1.240.373.833;E
AUT;GDP;TOT;USD_CAP;A;1983;1.329.424.904;E
AUT;GDP;TOT;USD_CAP;A;1984;1.378.179.818;E
AUT;GDP;TOT;USD_CAP;A;1985;1.456.605.455;E
AUT;GDP;TOT;USD_CAP;A;1986;1.519.171.361;E
AUT;GDP;TOT;USD_CAP;A;1987;1.576.862.018;E
AUT;GDP;TOT;USD_CAP;A;1988;1.683.903.959;E
AUT;GDP;TOT;USD_CAP;A;1989;1.809.767.958;E
AUT;GDP;TOT;USD_CAP;A;1990;1.944.231.714;E
AUT;GDP;TOT;USD_CAP;A;1991;2.058.501.539;E
AUT;GDP;TOT;USD_CAP;A;1992;2.125.963.677;E
AUT;GDP;TOT;USD_CAP;A;1993;2.169.832.103;E
AUT;GDP;TOT;USD_CAP;A;1994;226.068.345;E
AUT;GDP;TOT;USD_CAP;A;1995;2.366.040.198;
AUT;GDP;TOT;USD_CAP;A;1996;2.452.920.805;
AUT;GDP;TOT;USD_CAP;A;1997;2.542.406.297;
AUT;GDP;TOT;USD_CAP;A;1998;2.667.459.686;
AUT;GDP;TOT;USD_CAP;A;1999;2.760.648.424;
AUT;GDP;TOT;USD_CAP;A;2000;2.938.007.482;
AUT;GDP;TOT;USD_CAP;A;2001;2.971.520.802;
AUT;GDP;TOT;USD_CAP;A;2002;3.117.805.144;
AUT;GDP;TOT;USD_CAP;A;2003;3.212.121.651;
AUT;GDP;TOT;USD_CAP;A;2004;3.375.347.239;
AUT;GDP;TOT;USD_CAP;A;2005;3.502.455.748;
AUT;GDP;TOT;USD_CAP;A;2006;3.762.624.549;
AUT;GDP;TOT;USD_CAP;A;2007;3.939.395.357;
AUT;GDP;TOT;USD_CAP;A;2008;4.131.602.264;
AUT;GDP;TOT;USD_CAP;A;2009;409.355.288;
AUT;GDP;TOT;USD_CAP;A;2010;4.201.779.654;
AUT;GDP;TOT;USD_CAP;A;2011;4.446.920.964;
AUT;GDP;TOT;USD_CAP;A;2012;4.647.765.508;
AUT;GDP;TOT;USD_CAP;A;2013;4.793.667.796;
AUT;GDP;TOT;USD_CAP;A;2014;4.881.353.441;
AUT;GDP;TOT;USD_CAP;A;2015;4.995.390.058;
AUT;GDP;TOT;USD_CAP;A;2016;516.369.867;
BEL;GDP;TOT;USD_CAP;A;1970;3.890.888.241;E
BEL;GDP;TOT;USD_CAP;A;1971;4.226.204.321;E
BEL;GDP;TOT;USD_CAP;A;1972;4.623.402.061;E
BEL;GDP;TOT;USD_CAP;A;1973;5.159.918.028;E
BEL;GDP;TOT;USD_CAP;A;1974;5.842.441.747;E
BEL;GDP;TOT;USD_CAP;A;1975;6.281.531.554;E
BEL;GDP;TOT;USD_CAP;A;1976;6.990.430.468;E
BEL;GDP;TOT;USD_CAP;A;1977;746.289.291;E
BEL;GDP;TOT;USD_CAP;A;1978;8.208.141.697;E
BEL;GDP;TOT;USD_CAP;A;1979;9.090.764.106;E
BEL;GDP;TOT;USD_CAP;A;1980;1.031.921.893;E
BEL;GDP;TOT;USD_CAP;A;1981;1.126.523.771;E
BEL;GDP;TOT;USD_CAP;A;1982;1.203.483.831;E
BEL;GDP;TOT;USD_CAP;A;1983;1.254.776.159;E
BEL;GDP;TOT;USD_CAP;A;1984;1.331.973.857;E
BEL;GDP;TOT;USD_CAP;A;1985;1.396.510.625;E
BEL;GDP;TOT;USD_CAP;A;1986;145.030.833;E
BEL;GDP;TOT;USD_CAP;A;1987;1.518.753.386;E
BEL;GDP;TOT;USD_CAP;A;1988;1.640.938.032;E
BEL;GDP;TOT;USD_CAP;A;1989;175.803.671;E
BEL;GDP;TOT;USD_CAP;A;1990;1.875.783.393;E
BEL;GDP;TOT;USD_CAP;A;1991;1.967.265.498;E
BEL;GDP;TOT;USD_CAP;A;1992;2.034.559.257;E
BEL;GDP;TOT;USD_CAP;A;1993;2.054.754.072;E
BEL;GDP;TOT;USD_CAP;A;1994;2.159.928.537;E
BEL;GDP;TOT;USD_CAP;A;1995;2.253.130.387;
BEL;GDP;TOT;USD_CAP;A;1996;2.289.027.533;
BEL;GDP;TOT;USD_CAP;A;1997;2.392.808.397;
BEL;GDP;TOT;USD_CAP;A;1998;2.456.399.157;
BEL;GDP;TOT;USD_CAP;A;1999;2.564.332.017;
BEL;GDP;TOT;USD_CAP;A;2000;2.798.914.269;
BEL;GDP;TOT;USD_CAP;A;2001;2.895.726.948;
BEL;GDP;TOT;USD_CAP;A;2002;3.048.215.989;
BEL;GDP;TOT;USD_CAP;A;2003;3.105.682.173;
BEL;GDP;TOT;USD_CAP;A;2004;322.383.876;
BEL;GDP;TOT;USD_CAP;A;2005;3.333.111.566;
BEL;GDP;TOT;USD_CAP;A;2006;3.538.611.214;
BEL;GDP;TOT;USD_CAP;A;2007;3.687.158.788;
BEL;GDP;TOT;USD_CAP;A;2008;381.334.023;
BEL;GDP;TOT;USD_CAP;A;2009;3.801.054.892;
BEL;GDP;TOT;USD_CAP;A;2010;4.005.043.693;
BEL;GDP;TOT;USD_CAP;A;2011;4.145.036.053;
BEL;GDP;TOT;USD_CAP;A;2012;4.258.515.311;
BEL;GDP;TOT;USD_CAP;A;2013;4.374.595.156;
BEL;GDP;TOT;USD_CAP;A;2014;4.472.045.806;
BEL;GDP;TOT;USD_CAP;A;2015;4.572.892.326;
BEL;GDP;TOT;USD_CAP;A;2016;473.726.025;
CAN;GDP;TOT;USD_CAP;A;1970;4.543.392.079;E
CAN;GDP;TOT;USD_CAP;A;1971;4.906.484.322;E
CAN;GDP;TOT;USD_CAP;A;1972;5.335.038.035;E
CAN;GDP;TOT;USD_CAP;A;1973;5.946.150.068;E
CAN;GDP;TOT;USD_CAP;A;1974;6.627.279.795;E
CAN;GDP;TOT;USD_CAP;A;1975;7.266.319.522;E
CAN;GDP;TOT;USD_CAP;A;1976;7.959.380.674;E
CAN;GDP;TOT;USD_CAP;A;1977;8.644.524.533;E
CAN;GDP;TOT;USD_CAP;A;1978;9.523.102.803;E
CAN;GDP;TOT;USD_CAP;A;1979;1.060.017.439;E
CAN;GDP;TOT;USD_CAP;A;1980;1.165.634.765;E
CAN;GDP;TOT;USD_CAP;A;1981;1.304.438.014;
CAN;GDP;TOT;USD_CAP;A;1982;1.324.825.529;
CAN;GDP;TOT;USD_CAP;A;1983;1.398.597.391;
CAN;GDP;TOT;USD_CAP;A;1984;1.520.494.455;
CAN;GDP;TOT;USD_CAP;A;1985;162.789.366;
CAN;GDP;TOT;USD_CAP;A;1986;1.679.797.405;
CAN;GDP;TOT;USD_CAP;A;1987;1.768.379.435;
CAN;GDP;TOT;USD_CAP;A;1988;1.887.220.004;
CAN;GDP;TOT;USD_CAP;A;1989;1.971.098.852;
CAN;GDP;TOT;USD_CAP;A;1990;2.017.393.979;
CAN;GDP;TOT;USD_CAP;A;1991;2.016.072.212;
CAN;GDP;TOT;USD_CAP;A;1992;2.055.745.818;
CAN;GDP;TOT;USD_CAP;A;1993;2.136.719.801;
CAN;GDP;TOT;USD_CAP;A;1994;2.255.569.967;
CAN;GDP;TOT;USD_CAP;A;1995;2.340.188.212;
CAN;GDP;TOT;USD_CAP;A;1996;2.396.250.006;
CAN;GDP;TOT;USD_CAP;A;1997;2.516.757.511;
CAN;GDP;TOT;USD_CAP;A;1998;2.622.027.574;
CAN;GDP;TOT;USD_CAP;A;1999;2.774.575.131;
CAN;GDP;TOT;USD_CAP;A;2000;2.926.501.223;
CAN;GDP;TOT;USD_CAP;A;2001;3.010.795.216;
CAN;GDP;TOT;USD_CAP;A;2002;3.085.482.303;
CAN;GDP;TOT;USD_CAP;A;2003;3.222.743.706;
CAN;GDP;TOT;USD_CAP;A;2004;3.379.977.659;
CAN;GDP;TOT;USD_CAP;A;2005;3.621.264.356;
CAN;GDP;TOT;USD_CAP;A;2006;3.799.983.104;
CAN;GDP;TOT;USD_CAP;A;2007;3.944.113.768;
CAN;GDP;TOT;USD_CAP;A;2008;4.027.761.824;
CAN;GDP;TOT;USD_CAP;A;2009;3.879.776.918;
CAN;GDP;TOT;USD_CAP;A;2010;4.001.192.778;
CAN;GDP;TOT;USD_CAP;A;2011;4.156.525.893;
CAN;GDP;TOT;USD_CAP;A;2012;4.214.510.409;
CAN;GDP;TOT;USD_CAP;A;2013;4.410.143.059;
CAN;GDP;TOT;USD_CAP;A;2014;4.551.987.193;
CAN;GDP;TOT;USD_CAP;A;2015;4.440.670.191;
CAN;GDP;TOT;USD_CAP;A;2016;4.481.911.087;
CZE;GDP;TOT;USD_CAP;A;1990;126.239.525;E
CZE;GDP;TOT;USD_CAP;A;1991;1.159.550.223;E
CZE;GDP;TOT;USD_CAP;A;1992;1.178.924.287;E
CZE;GDP;TOT;USD_CAP;A;1993;1.206.107.138;E
CZE;GDP;TOT;USD_CAP;A;1994;1.267.019.469;E
CZE;GDP;TOT;USD_CAP;A;1995;137.478.465;
CZE;GDP;TOT;USD_CAP;A;1996;1.458.327.468;
CZE;GDP;TOT;USD_CAP;A;1997;1.473.131.443;
CZE;GDP;TOT;USD_CAP;A;1998;149.055.729;
CZE;GDP;TOT;USD_CAP;A;1999;1.532.570.992;
CZE;GDP;TOT;USD_CAP;A;2000;1.616.331.699;
CZE;GDP;TOT;USD_CAP;A;2001;1.754.146.157;
CZE;GDP;TOT;USD_CAP;A;2002;1.818.235.455;
CZE;GDP;TOT;USD_CAP;A;2003;194.115.128;
CZE;GDP;TOT;USD_CAP;A;2004;2.077.914.253;
CZE;GDP;TOT;USD_CAP;A;2005;219.073.056;
CZE;GDP;TOT;USD_CAP;A;2006;2.371.224.244;
CZE;GDP;TOT;USD_CAP;A;2007;2.606.450.658;
CZE;GDP;TOT;USD_CAP;A;2008;2.772.441.877;
CZE;GDP;TOT;USD_CAP;A;2009;2.747.419.799;
CZE;GDP;TOT;USD_CAP;A;2010;2.755.474.286;
CZE;GDP;TOT;USD_CAP;A;2011;2.879.581.603;
CZE;GDP;TOT;USD_CAP;A;2012;2.905.139.042;
CZE;GDP;TOT;USD_CAP;A;2013;3.049.602.004;
CZE;GDP;TOT;USD_CAP;A;2014;3.226.504.516;
CZE;GDP;TOT;USD_CAP;A;2015;33.701.384;
CZE;GDP;TOT;USD_CAP;A;2016;3.523.401.708;
DNK;GDP;TOT;USD_CAP;A;1966;3.478.762.434;
DNK;GDP;TOT;USD_CAP;A;1967;3.688.285.602;
DNK;GDP;TOT;USD_CAP;A;1968;4.005.792.223;
DNK;GDP;TOT;USD_CAP;A;1969;4.487.227.813;
DNK;GDP;TOT;USD_CAP;A;1970;4.241.825.539;
DNK;GDP;TOT;USD_CAP;A;1971;4.567.655.114;
DNK;GDP;TOT;USD_CAP;A;1972;4.923.571.744;
DNK;GDP;TOT;USD_CAP;A;1973;5.373.645.282;
DNK;GDP;TOT;USD_CAP;A;1974;5.765.057.887;
DNK;GDP;TOT;USD_CAP;A;1975;6.188.903.894;
DNK;GDP;TOT;USD_CAP;A;1976;6.898.624.738;
DNK;GDP;TOT;USD_CAP;A;1977;7.440.834.053;
DNK;GDP;TOT;USD_CAP;A;1978;811.600.079;
DNK;GDP;TOT;USD_CAP;A;1979;9.106.228.134;
DNK;GDP;TOT;USD_CAP;A;1980;9.869.271.777;
DNK;GDP;TOT;USD_CAP;A;1981;1.073.534.707;
DNK;GDP;TOT;USD_CAP;A;1982;1.182.783.599;
DNK;GDP;TOT;USD_CAP;A;1983;126.200.534;
DNK;GDP;TOT;USD_CAP;A;1984;1.362.808.276;
DNK;GDP;TOT;USD_CAP;A;1985;1.461.622.462;
DNK;GDP;TOT;USD_CAP;A;1986;1.562.044.737;
DNK;GDP;TOT;USD_CAP;A;1987;1.602.544.508;
DNK;GDP;TOT;USD_CAP;A;1988;1.657.877.027;
DNK;GDP;TOT;USD_CAP;A;1989;1.733.311.912;
DNK;GDP;TOT;USD_CAP;A;1990;1.821.883.324;
DNK;GDP;TOT;USD_CAP;A;1991;1.904.556.898;
DNK;GDP;TOT;USD_CAP;A;1992;1.979.552.434;
DNK;GDP;TOT;USD_CAP;A;1993;2.019.639.321;
DNK;GDP;TOT;USD_CAP;A;1994;2.165.667.148;
DNK;GDP;TOT;USD_CAP;A;1995;2.267.567.237;
DNK;GDP;TOT;USD_CAP;A;1996;2.371.586.012;
DNK;GDP;TOT;USD_CAP;A;1997;2.492.574.618;
DNK;GDP;TOT;USD_CAP;A;1998;2.581.958.153;
DNK;GDP;TOT;USD_CAP;A;1999;266.578.328;
DNK;GDP;TOT;USD_CAP;A;2000;2.867.078.158;
DNK;GDP;TOT;USD_CAP;A;2001;2.945.941.676;
DNK;GDP;TOT;USD_CAP;A;2002;306.399.531;
DNK;GDP;TOT;USD_CAP;A;2003;3.078.952.148;
DNK;GDP;TOT;USD_CAP;A;2004;3.291.796.331;
DNK;GDP;TOT;USD_CAP;A;2005;34.152.878;
DNK;GDP;TOT;USD_CAP;A;2006;3.729.751.925;
DNK;GDP;TOT;USD_CAP;A;2007;3.897.877.412;
DNK;GDP;TOT;USD_CAP;A;2008;4.128.299.749;
DNK;GDP;TOT;USD_CAP;A;2009;4.034.038.474;
DNK;GDP;TOT;USD_CAP;A;2010;4.300.492.224;
DNK;GDP;TOT;USD_CAP;A;2011;4.440.795.138;
DNK;GDP;TOT;USD_CAP;A;2012;4.480.854.321;
DNK;GDP;TOT;USD_CAP;A;2013;4.674.293.884;
DNK;GDP;TOT;USD_CAP;A;2014;479.054.773;
DNK;GDP;TOT;USD_CAP;A;2015;4.907.129.972;
DNK;GDP;TOT;USD_CAP;A;2016;5.068.543.083;
FIN;GDP;TOT;USD_CAP;A;1970;3.387.778.441;E
FIN;GDP;TOT;USD_CAP;A;1971;3.638.665.155;E
FIN;GDP;TOT;USD_CAP;A;1972;40.649.131;E
FIN;GDP;TOT;USD_CAP;A;1973;4.561.548.397;E
FIN;GDP;TOT;USD_CAP;A;1974;5.105.594.006;E
FIN;GDP;TOT;USD_CAP;A;1975;565.460.168;E
FIN;GDP;TOT;USD_CAP;A;1976;5.968.226.734;E
FIN;GDP;TOT;USD_CAP;A;1977;6.336.537.421;E
FIN;GDP;TOT;USD_CAP;A;1978;6.960.285.379;E
FIN;GDP;TOT;USD_CAP;A;1979;8.053.910.134;E
FIN;GDP;TOT;USD_CAP;A;1980;9.226.000.345;
FIN;GDP;TOT;USD_CAP;A;1981;1.018.605.058;
FIN;GDP;TOT;USD_CAP;A;1982;1.108.714.174;
FIN;GDP;TOT;USD_CAP;A;1983;1.181.027.801;
FIN;GDP;TOT;USD_CAP;A;1984;125.623.875;
FIN;GDP;TOT;USD_CAP;A;1985;1.336.217.212;
FIN;GDP;TOT;USD_CAP;A;1986;1.395.732.517;
FIN;GDP;TOT;USD_CAP;A;1987;1.476.971.309;
FIN;GDP;TOT;USD_CAP;A;1988;1.604.049.684;
FIN;GDP;TOT;USD_CAP;A;1989;1.745.426.298;
FIN;GDP;TOT;USD_CAP;A;1990;1.814.957.202;
FIN;GDP;TOT;USD_CAP;A;1991;1.755.747.672;
FIN;GDP;TOT;USD_CAP;A;1992;1.726.312.972;
FIN;GDP;TOT;USD_CAP;A;1993;1.745.785.629;
FIN;GDP;TOT;USD_CAP;A;1994;1.845.327.732;
FIN;GDP;TOT;USD_CAP;A;1995;1.955.789.159;
FIN;GDP;TOT;USD_CAP;A;1996;2.005.755.367;
FIN;GDP;TOT;USD_CAP;A;1997;217.787.953;
FIN;GDP;TOT;USD_CAP;A;1998;2.355.855.207;
FIN;GDP;TOT;USD_CAP;A;1999;24768.53;
FIN;GDP;TOT;USD_CAP;A;2000;267.529.318;
FIN;GDP;TOT;USD_CAP;A;2001;2.777.062.941;
FIN;GDP;TOT;USD_CAP;A;2002;2.856.717.181;
FIN;GDP;TOT;USD_CAP;A;2003;2.898.497.356;
FIN;GDP;TOT;USD_CAP;A;2004;3.111.797.761;
FIN;GDP;TOT;USD_CAP;A;2005;319.933.762;
FIN;GDP;TOT;USD_CAP;A;2006;3.436.281.918;
FIN;GDP;TOT;USD_CAP;A;2007;3.770.331.513;
FIN;GDP;TOT;USD_CAP;A;2008;3.996.939.226;
FIN;GDP;TOT;USD_CAP;A;2009;3.782.981.331;
FIN;GDP;TOT;USD_CAP;A;2010;3.873.706.859;
FIN;GDP;TOT;USD_CAP;A;2011;4.068.333.742;
FIN;GDP;TOT;USD_CAP;A;2012;4.061.993.702;
FIN;GDP;TOT;USD_CAP;A;2013;4.129.329.362;
FIN;GDP;TOT;USD_CAP;A;2014;4.146.271.674;
FIN;GDP;TOT;USD_CAP;A;2015;4.221.348.887;
FIN;GDP;TOT;USD_CAP;A;2016;437.299.942;
FRA;GDP;TOT;USD_CAP;A;1960;1.807.175.059;
FRA;GDP;TOT;USD_CAP;A;1961;1.892.960.772;
FRA;GDP;TOT;USD_CAP;A;1962;2.036.181.205;
FRA;GDP;TOT;USD_CAP;A;1963;2.138.997.489;
FRA;GDP;TOT;USD_CAP;A;1964;2.294.496.424;
FRA;GDP;TOT;USD_CAP;A;1965;2.456.145.844;
FRA;GDP;TOT;USD_CAP;A;1966;2.654.479.048;
FRA;GDP;TOT;USD_CAP;A;1967;2.838.087.508;
FRA;GDP;TOT;USD_CAP;A;1968;3.090.801.782;
FRA;GDP;TOT;USD_CAP;A;1969;3.480.062.658;
FRA;GDP;TOT;USD_CAP;A;1970;3.687.886.138;
FRA;GDP;TOT;USD_CAP;A;1971;4.042.323.312;
FRA;GDP;TOT;USD_CAP;A;1972;4.368.325.089;
FRA;GDP;TOT;USD_CAP;A;1973;4.860.904.402;
FRA;GDP;TOT;USD_CAP;A;1974;549.027.142;
FRA;GDP;TOT;USD_CAP;A;1975;5.913.692.353;
FRA;GDP;TOT;USD_CAP;A;1976;6.484.877.778;
FRA;GDP;TOT;USD_CAP;A;1977;7.094.192.655;
FRA;GDP;TOT;USD_CAP;A;1978;7.860.746.123;
FRA;GDP;TOT;USD_CAP;A;1979;8.776.733.597;
FRA;GDP;TOT;USD_CAP;A;1980;9.670.567.054;
FRA;GDP;TOT;USD_CAP;A;1981;1.063.840.592;
FRA;GDP;TOT;USD_CAP;A;1982;1.150.916.411;
FRA;GDP;TOT;USD_CAP;A;1983;120.431.847;
FRA;GDP;TOT;USD_CAP;A;1984;1.260.498.923;
FRA;GDP;TOT;USD_CAP;A;1985;1.314.886.888;
FRA;GDP;TOT;USD_CAP;A;1986;1.365.729.031;
FRA;GDP;TOT;USD_CAP;A;1987;1.427.579.848;
FRA;GDP;TOT;USD_CAP;A;1988;1.539.140.694;
FRA;GDP;TOT;USD_CAP;A;1989;1.659.050.194;
FRA;GDP;TOT;USD_CAP;A;1990;1.761.809.505;
FRA;GDP;TOT;USD_CAP;A;1991;183.130.182;
FRA;GDP;TOT;USD_CAP;A;1992;1.893.580.143;
FRA;GDP;TOT;USD_CAP;A;1993;191.791.345;
FRA;GDP;TOT;USD_CAP;A;1994;1.997.628.173;
FRA;GDP;TOT;USD_CAP;A;1995;2.074.960.291;
FRA;GDP;TOT;USD_CAP;A;1996;2.133.541.475;
FRA;GDP;TOT;USD_CAP;A;1997;2.224.506.527;
FRA;GDP;TOT;USD_CAP;A;1998;2.336.305.383;
FRA;GDP;TOT;USD_CAP;A;1999;2.431.140.386;
FRA;GDP;TOT;USD_CAP;A;2000;2.609.831.569;
FRA;GDP;TOT;USD_CAP;A;2001;2.750.576.059;
FRA;GDP;TOT;USD_CAP;A;2002;2.852.815.611;
FRA;GDP;TOT;USD_CAP;A;2003;281.459.429;
FRA;GDP;TOT;USD_CAP;A;2004;2.903.856.756;
FRA;GDP;TOT;USD_CAP;A;2005;3.050.405.878;
FRA;GDP;TOT;USD_CAP;A;2006;3.244.118.078;
FRA;GDP;TOT;USD_CAP;A;2007;3.409.540.747;
FRA;GDP;TOT;USD_CAP;A;2008;3.510.287.043;
FRA;GDP;TOT;USD_CAP;A;2009;3.469.323.638;
FRA;GDP;TOT;USD_CAP;A;2010;3.590.916.233;
FRA;GDP;TOT;USD_CAP;A;2011;3.744.794.954;
FRA;GDP;TOT;USD_CAP;A;2012;3.768.419.807;
FRA;GDP;TOT;USD_CAP;A;2013;3.952.847.364;
FRA;GDP;TOT;USD_CAP;A;2014;4.014.405.949;
FRA;GDP;TOT;USD_CAP;A;2015;4.086.110.057;
FRA;GDP;TOT;USD_CAP;A;2016;4.202.985.233;P
DEU;GDP;TOT;USD_CAP;A;1970;4.036.886.374;E
DEU;GDP;TOT;USD_CAP;A;1971;4.338.885.541;E
DEU;GDP;TOT;USD_CAP;A;1972;4.698.906.358;E
DEU;GDP;TOT;USD_CAP;A;1973;5.177.341.024;E
DEU;GDP;TOT;USD_CAP;A;1974;5.691.804.468;E
DEU;GDP;TOT;USD_CAP;A;1975;6.188.619.448;E
DEU;GDP;TOT;USD_CAP;A;1976;6.884.023.435;E
DEU;GDP;TOT;USD_CAP;A;1977;7.571.187.317;E
DEU;GDP;TOT;USD_CAP;A;1978;8.356.405.494;E
DEU;GDP;TOT;USD_CAP;A;1979;9.422.643.112;E
DEU;GDP;TOT;USD_CAP;A;1980;1.039.205.642;E
DEU;GDP;TOT;USD_CAP;A;1981;1.141.880.427;E
DEU;GDP;TOT;USD_CAP;A;1982;1.208.920.714;E
DEU;GDP;TOT;USD_CAP;A;1983;1.279.504.226;E
DEU;GDP;TOT;USD_CAP;A;1984;1.367.920.743;E
DEU;GDP;TOT;USD_CAP;A;1985;1.447.341.299;E
DEU;GDP;TOT;USD_CAP;A;1986;1.509.833.892;E
DEU;GDP;TOT;USD_CAP;A;1987;1.568.292.789;E
DEU;GDP;TOT;USD_CAP;A;1988;1.675.246.973;E
DEU;GDP;TOT;USD_CAP;A;1989;1.795.838.095;E
DEU;GDP;TOT;USD_CAP;A;1990;1.943.991.612;E
DEU;GDP;TOT;USD_CAP;A;1991;2.096.309.023;
DEU;GDP;TOT;USD_CAP;A;1992;2.171.023.538;
DEU;GDP;TOT;USD_CAP;A;1993;2.189.082.436;
DEU;GDP;TOT;USD_CAP;A;1994;2.285.096.028;
DEU;GDP;TOT;USD_CAP;A;1995;236.885.005;
DEU;GDP;TOT;USD_CAP;A;1996;2.424.240.901;
DEU;GDP;TOT;USD_CAP;A;1997;2.480.319.719;
DEU;GDP;TOT;USD_CAP;A;1998;2.558.003.064;
DEU;GDP;TOT;USD_CAP;A;1999;2.657.973.908;
DEU;GDP;TOT;USD_CAP;A;2000;2.755.096.773;
DEU;GDP;TOT;USD_CAP;A;2001;2.876.684.563;
DEU;GDP;TOT;USD_CAP;A;2002;2.965.421.869;
DEU;GDP;TOT;USD_CAP;A;2003;3.035.228.136;
DEU;GDP;TOT;USD_CAP;A;2004;3.182.630.826;
DEU;GDP;TOT;USD_CAP;A;2005;3.241.354.006;
DEU;GDP;TOT;USD_CAP;A;2006;34.749.443;
DEU;GDP;TOT;USD_CAP;A;2007;37.024.371;
DEU;GDP;TOT;USD_CAP;A;2008;3.866.260.613;
DEU;GDP;TOT;USD_CAP;A;2009;3.769.568.517;
DEU;GDP;TOT;USD_CAP;A;2010;3.991.613.651;
DEU;GDP;TOT;USD_CAP;A;2011;4.269.250.173;
DEU;GDP;TOT;USD_CAP;A;2012;4.356.407.389;
DEU;GDP;TOT;USD_CAP;A;2013;4.523.197.175;
DEU;GDP;TOT;USD_CAP;A;2014;4.719.049.763;
DEU;GDP;TOT;USD_CAP;A;2015;4.797.924.141;
DEU;GDP;TOT;USD_CAP;A;2016;4.992.110.814;
GRC;GDP;TOT;USD_CAP;A;1970;309.418.256;E
GRC;GDP;TOT;USD_CAP;A;1971;3.490.886.431;E
GRC;GDP;TOT;USD_CAP;A;1972;3.985.624.455;E
GRC;GDP;TOT;USD_CAP;A;1973;4.523.876.381;E
GRC;GDP;TOT;USD_CAP;A;1974;4.596.495.459;E
GRC;GDP;TOT;USD_CAP;A;1975;5.292.432.681;E
GRC;GDP;TOT;USD_CAP;A;1976;5.887.526.017;E
GRC;GDP;TOT;USD_CAP;A;1977;6.339.760.168;E
GRC;GDP;TOT;USD_CAP;A;1978;7.183.216.331;E
GRC;GDP;TOT;USD_CAP;A;1979;793.523.367;E
GRC;GDP;TOT;USD_CAP;A;1980;8.624.833.248;E
GRC;GDP;TOT;USD_CAP;A;1981;9.212.073.753;E
GRC;GDP;TOT;USD_CAP;A;1982;961.012.929;E
GRC;GDP;TOT;USD_CAP;A;1983;9.821.619.924;E
GRC;GDP;TOT;USD_CAP;A;1984;1.032.920.043;E
GRC;GDP;TOT;USD_CAP;A;1985;1.088.143.916;E
GRC;GDP;TOT;USD_CAP;A;1986;1.112.117.668;E
GRC;GDP;TOT;USD_CAP;A;1987;1.110.084.152;E
GRC;GDP;TOT;USD_CAP;A;1988;1.194.223.326;E
GRC;GDP;TOT;USD_CAP;A;1989;1.281.435.818;E
GRC;GDP;TOT;USD_CAP;A;1990;1.320.105.554;E
GRC;GDP;TOT;USD_CAP;A;1991;1.395.244.545;E
GRC;GDP;TOT;USD_CAP;A;1992;1.426.588.055;E
GRC;GDP;TOT;USD_CAP;A;1993;142.914.125;E
GRC;GDP;TOT;USD_CAP;A;1994;1.482.127.948;E
GRC;GDP;TOT;USD_CAP;A;1995;1.540.868.594;
GRC;GDP;TOT;USD_CAP;A;1996;1.612.922.379;
GRC;GDP;TOT;USD_CAP;A;1997;1.715.404.524;
GRC;GDP;TOT;USD_CAP;A;1998;18.033.414;
GRC;GDP;TOT;USD_CAP;A;1999;1.846.472.645;
GRC;GDP;TOT;USD_CAP;A;2000;1.951.891.636;
GRC;GDP;TOT;USD_CAP;A;2001;2.096.352.014;
GRC;GDP;TOT;USD_CAP;A;2002;2.261.595.744;
GRC;GDP;TOT;USD_CAP;A;2003;2.387.007.915;
GRC;GDP;TOT;USD_CAP;A;2004;2.543.721.851;
GRC;GDP;TOT;USD_CAP;A;2005;2.557.744.544;
GRC;GDP;TOT;USD_CAP;A;2006;2.851.944.506;
GRC;GDP;TOT;USD_CAP;A;2007;2.929.187.292;
GRC;GDP;TOT;USD_CAP;A;2008;3.085.593.577;
GRC;GDP;TOT;USD_CAP;A;2009;3.036.536.039;
GRC;GDP;TOT;USD_CAP;A;2010;2.814.830.688;
GRC;GDP;TOT;USD_CAP;A;2011;2.614.109.103;P
GRC;GDP;TOT;USD_CAP;A;2012;2.528.440.578;P
GRC;GDP;TOT;USD_CAP;A;2013;2.609.779.752;P
GRC;GDP;TOT;USD_CAP;A;2014;2.683.858.227;P
GRC;GDP;TOT;USD_CAP;A;2015;2.690.232.761;P
GRC;GDP;TOT;USD_CAP;A;2016;2.727.387.303;P
HUN;GDP;TOT;USD_CAP;A;1991;8.333.217.321;E
HUN;GDP;TOT;USD_CAP;A;1992;8.279.565.707;E
HUN;GDP;TOT;USD_CAP;A;1993;8.451.461.093;E
HUN;GDP;TOT;USD_CAP;A;1994;891.490.714;E
HUN;GDP;TOT;USD_CAP;A;1995;9.176.629.355;
HUN;GDP;TOT;USD_CAP;A;1996;9.340.533.809;
HUN;GDP;TOT;USD_CAP;A;1997;9.822.407.481;
HUN;GDP;TOT;USD_CAP;A;1998;1.041.152.744;
HUN;GDP;TOT;USD_CAP;A;1999;1.089.475.229;
HUN;GDP;TOT;USD_CAP;A;2000;1.187.797.246;
HUN;GDP;TOT;USD_CAP;A;2001;1.323.097.947;
HUN;GDP;TOT;USD_CAP;A;2002;1.454.958.617;
HUN;GDP;TOT;USD_CAP;A;2003;1.546.829.911;
HUN;GDP;TOT;USD_CAP;A;2004;1.624.556.033;
HUN;GDP;TOT;USD_CAP;A;2005;1.708.177.436;
HUN;GDP;TOT;USD_CAP;A;2006;1.829.795.133;
HUN;GDP;TOT;USD_CAP;A;2007;1.903.013.173;
HUN;GDP;TOT;USD_CAP;A;2008;2.067.867.991;
HUN;GDP;TOT;USD_CAP;A;2009;2.065.176.182;
HUN;GDP;TOT;USD_CAP;A;2010;2.153.486.742;
HUN;GDP;TOT;USD_CAP;A;2011;2.284.121.034;
HUN;GDP;TOT;USD_CAP;A;2012;2.309.447.333;
HUN;GDP;TOT;USD_CAP;A;2013;2.446.413.596;
HUN;GDP;TOT;USD_CAP;A;2014;2.551.822.604;
HUN;GDP;TOT;USD_CAP;A;2015;2.635.631.372;
HUN;GDP;TOT;USD_CAP;A;2016;2.685.162.494;
ISL;GDP;TOT;USD_CAP;A;1970;3.793.827.178;E
ISL;GDP;TOT;USD_CAP;A;1971;446.331.459;E
ISL;GDP;TOT;USD_CAP;A;1972;4.868.690.666;E
ISL;GDP;TOT;USD_CAP;A;1973;540.522.739;E
ISL;GDP;TOT;USD_CAP;A;1974;61.422.083;E
ISL;GDP;TOT;USD_CAP;A;1975;667.064.048;E
ISL;GDP;TOT;USD_CAP;A;1976;7.385.950.387;E
ISL;GDP;TOT;USD_CAP;A;1977;8.471.921.505;E
ISL;GDP;TOT;USD_CAP;A;1978;9.537.561.886;E
ISL;GDP;TOT;USD_CAP;A;1979;1.072.716.949;E
ISL;GDP;TOT;USD_CAP;A;1980;122.376.919;E
ISL;GDP;TOT;USD_CAP;A;1981;1.380.708.969;E
ISL;GDP;TOT;USD_CAP;A;1982;1.477.156.576;E
ISL;GDP;TOT;USD_CAP;A;1983;1.482.704.748;E
ISL;GDP;TOT;USD_CAP;A;1984;1.583.217.411;E
ISL;GDP;TOT;USD_CAP;A;1985;1.673.754.039;E
ISL;GDP;TOT;USD_CAP;A;1986;1.801.054.635;E
ISL;GDP;TOT;USD_CAP;A;1987;1.980.885.608;E
ISL;GDP;TOT;USD_CAP;A;1988;201.675.357;E
ISL;GDP;TOT;USD_CAP;A;1989;2.077.448.334;E
ISL;GDP;TOT;USD_CAP;A;1990;2.162.941.646;E
ISL;GDP;TOT;USD_CAP;A;1991;2.203.611.571;E
ISL;GDP;TOT;USD_CAP;A;1992;2.151.614.835;E
ISL;GDP;TOT;USD_CAP;A;1993;2.208.850.591;E
ISL;GDP;TOT;USD_CAP;A;1994;2.317.900.566;E
ISL;GDP;TOT;USD_CAP;A;1995;2.356.910.636;
ISL;GDP;TOT;USD_CAP;A;1996;244.285.764;B
ISL;GDP;TOT;USD_CAP;A;1997;2.693.308.516;
ISL;GDP;TOT;USD_CAP;A;1998;2.871.410.997;
ISL;GDP;TOT;USD_CAP;A;1999;2.954.246.883;
ISL;GDP;TOT;USD_CAP;A;2000;2.971.107.967;
ISL;GDP;TOT;USD_CAP;A;2001;3.176.044.712;
ISL;GDP;TOT;USD_CAP;A;2002;3.251.531.575;
ISL;GDP;TOT;USD_CAP;A;2003;326.442.771;
ISL;GDP;TOT;USD_CAP;A;2004;3.554.405.821;
ISL;GDP;TOT;USD_CAP;A;2005;3.733.813.886;
ISL;GDP;TOT;USD_CAP;A;2006;3.902.740.383;
ISL;GDP;TOT;USD_CAP;A;2007;4.118.217.806;
ISL;GDP;TOT;USD_CAP;A;2008;430.490.033;
ISL;GDP;TOT;USD_CAP;A;2009;4.181.333.588;
ISL;GDP;TOT;USD_CAP;A;2010;3.958.207.346;
ISL;GDP;TOT;USD_CAP;A;2011;4.076.902.509;
ISL;GDP;TOT;USD_CAP;A;2012;4.192.843.377;
ISL;GDP;TOT;USD_CAP;A;2013;4.415.264.313;
ISL;GDP;TOT;USD_CAP;A;2014;4.571.283.768;
ISL;GDP;TOT;USD_CAP;A;2015;4.872.997.141;
ISL;GDP;TOT;USD_CAP;A;2016;525.899.962;
IRL;GDP;TOT;USD_CAP;A;1970;2.457.749.938;E
IRL;GDP;TOT;USD_CAP;A;1971;2.646.818.982;E
IRL;GDP;TOT;USD_CAP;A;1972;2.895.704.725;E
IRL;GDP;TOT;USD_CAP;A;1973;3.147.593.945;E
IRL;GDP;TOT;USD_CAP;A;1974;3.518.602.333;E
IRL;GDP;TOT;USD_CAP;A;1975;3.994.224.107;E
IRL;GDP;TOT;USD_CAP;A;1976;4.205.312.116;E
IRL;GDP;TOT;USD_CAP;A;1977;4.768.373.119;E
IRL;GDP;TOT;USD_CAP;A;1978;5.401.235.537;E
IRL;GDP;TOT;USD_CAP;A;1979;5.932.440.647;E
IRL;GDP;TOT;USD_CAP;A;1980;6.602.806.173;E
IRL;GDP;TOT;USD_CAP;A;1981;7.376.809.538;E
IRL;GDP;TOT;USD_CAP;A;1982;7.926.240.353;E
IRL;GDP;TOT;USD_CAP;A;1983;8.157.964.823;E
IRL;GDP;TOT;USD_CAP;A;1984;8.760.339.799;E
IRL;GDP;TOT;USD_CAP;A;1985;9.284.667.975;E
IRL;GDP;TOT;USD_CAP;A;1986;9.428.418.903;E
IRL;GDP;TOT;USD_CAP;A;1987;1.010.920.798;E
IRL;GDP;TOT;USD_CAP;A;1988;1.104.927.162;E
IRL;GDP;TOT;USD_CAP;A;1989;1.222.271.292;E
IRL;GDP;TOT;USD_CAP;A;1990;1.376.951.862;E
IRL;GDP;TOT;USD_CAP;A;1991;1.442.755.547;E
IRL;GDP;TOT;USD_CAP;A;1992;1.512.529.163;E
IRL;GDP;TOT;USD_CAP;A;1993;1.581.603.628;E
IRL;GDP;TOT;USD_CAP;A;1994;1.702.638.405;E
IRL;GDP;TOT;USD_CAP;A;1995;1.897.722.055;
IRL;GDP;TOT;USD_CAP;A;1996;2.054.360.638;
IRL;GDP;TOT;USD_CAP;A;1997;2.268.651.257;
IRL;GDP;TOT;USD_CAP;A;1998;2.504.954.302;
IRL;GDP;TOT;USD_CAP;A;1999;2.699.553.331;
IRL;GDP;TOT;USD_CAP;A;2000;3.018.518.273;
IRL;GDP;TOT;USD_CAP;A;2001;3.256.657.817;
IRL;GDP;TOT;USD_CAP;A;2002;3.521.294.778;
IRL;GDP;TOT;USD_CAP;A;2003;3.623.347.711;
IRL;GDP;TOT;USD_CAP;A;2004;3.869.720.978;
IRL;GDP;TOT;USD_CAP;A;2005;4.043.708.088;
IRL;GDP;TOT;USD_CAP;A;2006;4.424.398.526;
IRL;GDP;TOT;USD_CAP;A;2007;467.465.474;
IRL;GDP;TOT;USD_CAP;A;2008;4.421.977.588;
IRL;GDP;TOT;USD_CAP;A;2009;4.158.713.816;
IRL;GDP;TOT;USD_CAP;A;2010;4.329.579.255;
IRL;GDP;TOT;USD_CAP;A;2011;4.495.272.334;
IRL;GDP;TOT;USD_CAP;A;2012;4.630.419.868;
IRL;GDP;TOT;USD_CAP;A;2013;480.060.675;
IRL;GDP;TOT;USD_CAP;A;2014;5.125.048.367;
IRL;GDP;TOT;USD_CAP;A;2015;6.905.040.763;
IRL;GDP;TOT;USD_CAP;A;2016;710.204.976;
ITA;GDP;TOT;USD_CAP;A;1970;3.614.594.319;E
ITA;GDP;TOT;USD_CAP;A;1971;3.848.880.039;E
ITA;GDP;TOT;USD_CAP;A;1972;4.139.875.313;E
ITA;GDP;TOT;USD_CAP;A;1973;4.646.282.281;E
ITA;GDP;TOT;USD_CAP;A;1974;530.808.212;E
ITA;GDP;TOT;USD_CAP;A;1975;5.644.715.024;E
ITA;GDP;TOT;USD_CAP;A;1976;6.347.957.585;E
ITA;GDP;TOT;USD_CAP;A;1977;6.885.716.708;E
ITA;GDP;TOT;USD_CAP;A;1978;7.581.787.602;E
ITA;GDP;TOT;USD_CAP;A;1979;8.674.994.479;E
ITA;GDP;TOT;USD_CAP;A;1980;976.289.815;E
ITA;GDP;TOT;USD_CAP;A;1981;1.076.233.102;E
ITA;GDP;TOT;USD_CAP;A;1982;1.146.777.566;E
ITA;GDP;TOT;USD_CAP;A;1983;12.051.885;E
ITA;GDP;TOT;USD_CAP;A;1984;1.288.661.443;E
ITA;GDP;TOT;USD_CAP;A;1985;1.366.216.792;E
ITA;GDP;TOT;USD_CAP;A;1986;1.433.512.765;E
ITA;GDP;TOT;USD_CAP;A;1987;1.515.692.115;E
ITA;GDP;TOT;USD_CAP;A;1988;1.634.182.481;E
ITA;GDP;TOT;USD_CAP;A;1989;1.754.474.422;E
ITA;GDP;TOT;USD_CAP;A;1990;1.854.743.057;E
ITA;GDP;TOT;USD_CAP;A;1991;1.945.034.485;E
ITA;GDP;TOT;USD_CAP;A;1992;2.005.193.914;E
ITA;GDP;TOT;USD_CAP;A;1993;2.033.954.374;E
ITA;GDP;TOT;USD_CAP;A;1994;2.121.639.038;E
ITA;GDP;TOT;USD_CAP;A;1995;2.228.623.471;
ITA;GDP;TOT;USD_CAP;A;1996;2.296.811.476;
ITA;GDP;TOT;USD_CAP;A;1997;238.189.533;
ITA;GDP;TOT;USD_CAP;A;1998;2.494.694.879;
ITA;GDP;TOT;USD_CAP;A;1999;2.553.162.178;
ITA;GDP;TOT;USD_CAP;A;2000;2.702.717.886;
ITA;GDP;TOT;USD_CAP;A;2001;2.792.982.638;
ITA;GDP;TOT;USD_CAP;A;2002;286.212.456;
ITA;GDP;TOT;USD_CAP;A;2003;2.903.094.549;
ITA;GDP;TOT;USD_CAP;A;2004;2.936.615.561;
ITA;GDP;TOT;USD_CAP;A;2005;299.375.842;
ITA;GDP;TOT;USD_CAP;A;2006;3.217.456.877;
ITA;GDP;TOT;USD_CAP;A;2007;337.946.326;
ITA;GDP;TOT;USD_CAP;A;2008;3.515.480.175;
ITA;GDP;TOT;USD_CAP;A;2009;342.341.914;
ITA;GDP;TOT;USD_CAP;A;2010;3.468.495.638;
ITA;GDP;TOT;USD_CAP;A;2011;3.593.548.395;
ITA;GDP;TOT;USD_CAP;A;2012;3.575.702.368;
ITA;GDP;TOT;USD_CAP;A;2013;3.588.539.085;
ITA;GDP;TOT;USD_CAP;A;2014;360.708.482;
ITA;GDP;TOT;USD_CAP;A;2015;3.683.639.487;
ITA;GDP;TOT;USD_CAP;A;2016;3.904.340.617;
JPN;GDP;TOT;USD_CAP;A;1970;3.283.240.245;E
JPN;GDP;TOT;USD_CAP;A;1971;3.576.258.357;E
JPN;GDP;TOT;USD_CAP;A;1972;3.990.275.054;E
JPN;GDP;TOT;USD_CAP;A;1973;4.443.245.651;E
JPN;GDP;TOT;USD_CAP;A;1974;4.718.602.094;E
JPN;GDP;TOT;USD_CAP;A;1975;525.024.191;E
JPN;GDP;TOT;USD_CAP;A;1976;5.695.524.931;E
JPN;GDP;TOT;USD_CAP;A;1977;6.253.444.969;E
JPN;GDP;TOT;USD_CAP;A;1978;6.982.402.573;E
JPN;GDP;TOT;USD_CAP;A;1979;7.910.311.248;E
JPN;GDP;TOT;USD_CAP;A;1980;879.801.612;
JPN;GDP;TOT;USD_CAP;A;1981;9.964.208.885;
JPN;GDP;TOT;USD_CAP;A;1982;1.085.422.886;
JPN;GDP;TOT;USD_CAP;A;1983;115.978.129;
JPN;GDP;TOT;USD_CAP;A;1984;1.247.693.261;
JPN;GDP;TOT;USD_CAP;A;1985;1.346.187.188;
JPN;GDP;TOT;USD_CAP;A;1986;1.411.854.708;
JPN;GDP;TOT;USD_CAP;A;1987;1.508.027.269;
JPN;GDP;TOT;USD_CAP;A;1988;1.660.278.585;
JPN;GDP;TOT;USD_CAP;A;1989;1.802.431.332;
JPN;GDP;TOT;USD_CAP;A;1990;1.954.949.138;
JPN;GDP;TOT;USD_CAP;A;1991;2.081.877.763;
JPN;GDP;TOT;USD_CAP;A;1992;213.934.672;
JPN;GDP;TOT;USD_CAP;A;1993;2.172.221.655;
JPN;GDP;TOT;USD_CAP;A;1994;2.237.451.341;
JPN;GDP;TOT;USD_CAP;A;1995;2.341.020.012;
JPN;GDP;TOT;USD_CAP;A;1996;2.452.408.677;
JPN;GDP;TOT;USD_CAP;A;1997;25155.38;
JPN;GDP;TOT;USD_CAP;A;1998;2.508.417.874;
JPN;GDP;TOT;USD_CAP;A;1999;2.533.451.015;
JPN;GDP;TOT;USD_CAP;A;2000;2.684.123.068;
JPN;GDP;TOT;USD_CAP;A;2001;2.747.622.071;
JPN;GDP;TOT;USD_CAP;A;2002;2.817.005.438;
JPN;GDP;TOT;USD_CAP;A;2003;2.894.371.842;
JPN;GDP;TOT;USD_CAP;A;2004;3.035.445.695;
JPN;GDP;TOT;USD_CAP;A;2005;3.166.791.436;
JPN;GDP;TOT;USD_CAP;A;2006;3.309.433.777;
JPN;GDP;TOT;USD_CAP;A;2007;3.450.717.033;
JPN;GDP;TOT;USD_CAP;A;2008;3.480.365.781;
JPN;GDP;TOT;USD_CAP;A;2009;3.320.198.701;
JPN;GDP;TOT;USD_CAP;A;2010;3.499.437.226;
JPN;GDP;TOT;USD_CAP;A;2011;3.577.525.633;
JPN;GDP;TOT;USD_CAP;A;2012;372.138.374;
JPN;GDP;TOT;USD_CAP;A;2013;3.900.836.056;
JPN;GDP;TOT;USD_CAP;A;2014;3.918.346.568;
JPN;GDP;TOT;USD_CAP;A;2015;4.040.609.533;
JPN;GDP;TOT;USD_CAP;A;2016;4.112.925.483;
KOR;GDP;TOT;USD_CAP;A;1970;603.949.995;
KOR;GDP;TOT;USD_CAP;A;1971;687.222.663;
KOR;GDP;TOT;USD_CAP;A;1972;753.934.189;
KOR;GDP;TOT;USD_CAP;A;1973;89.715.242;
KOR;GDP;TOT;USD_CAP;A;1974;105.222.754;
KOR;GDP;TOT;USD_CAP;A;1975;1.219.394.647;
KOR;GDP;TOT;USD_CAP;A;1976;1.432.172.514;
KOR;GDP;TOT;USD_CAP;A;1977;1.681.513.479;
KOR;GDP;TOT;USD_CAP;A;1978;1.963.667.838;
KOR;GDP;TOT;USD_CAP;A;1979;2.275.244.079;
KOR;GDP;TOT;USD_CAP;A;1980;2.400.824.267;
KOR;GDP;TOT;USD_CAP;A;1981;2.773.126.948;
KOR;GDP;TOT;USD_CAP;A;1982;313.893.686;
KOR;GDP;TOT;USD_CAP;A;1983;363.977.095;
KOR;GDP;TOT;USD_CAP;A;1984;4.113.768.771;
KOR;GDP;TOT;USD_CAP;A;1985;4.527.924.657;
KOR;GDP;TOT;USD_CAP;A;1986;5.086.705.924;
KOR;GDP;TOT;USD_CAP;A;1987;5.804.861.878;
KOR;GDP;TOT;USD_CAP;A;1988;6.659.612.679;
KOR;GDP;TOT;USD_CAP;A;1989;733.425.724;
KOR;GDP;TOT;USD_CAP;A;1990;8.273.460.669;
KOR;GDP;TOT;USD_CAP;A;1991;9.345.758.967;
KOR;GDP;TOT;USD_CAP;A;1992;1.004.418.192;
KOR;GDP;TOT;USD_CAP;A;1993;1.087.503.283;
KOR;GDP;TOT;USD_CAP;A;1994;1.200.835.003;
KOR;GDP;TOT;USD_CAP;A;1995;1.329.915.879;
KOR;GDP;TOT;USD_CAP;A;1996;1.443.289.976;
KOR;GDP;TOT;USD_CAP;A;1997;1.540.607.958;
KOR;GDP;TOT;USD_CAP;A;1998;1.462.114.269;
KOR;GDP;TOT;USD_CAP;A;1999;1.639.269.505;
KOR;GDP;TOT;USD_CAP;A;2000;180.829.975;
KOR;GDP;TOT;USD_CAP;A;2001;1.916.828.148;
KOR;GDP;TOT;USD_CAP;A;2002;2.077.499.003;
KOR;GDP;TOT;USD_CAP;A;2003;2.137.691.347;
KOR;GDP;TOT;USD_CAP;A;2004;2.293.658.218;
KOR;GDP;TOT;USD_CAP;A;2005;2.419.620.341;
KOR;GDP;TOT;USD_CAP;A;2006;2.582.112.728;
KOR;GDP;TOT;USD_CAP;A;2007;2.782.206.966;
KOR;GDP;TOT;USD_CAP;A;2008;2.865.581.293;
KOR;GDP;TOT;USD_CAP;A;2009;283.251.145;
KOR;GDP;TOT;USD_CAP;A;2010;3.036.534.699;
KOR;GDP;TOT;USD_CAP;A;2011;3.122.828.432;
KOR;GDP;TOT;USD_CAP;A;2012;3.209.707.001;
KOR;GDP;TOT;USD_CAP;A;2013;326.157.034;
KOR;GDP;TOT;USD_CAP;A;2014;3.358.735.769;
KOR;GDP;TOT;USD_CAP;A;2015;357.606.973;
KOR;GDP;TOT;USD_CAP;A;2016;3.714.262.056;
LUX;GDP;TOT;USD_CAP;A;1970;543.160.637;E
LUX;GDP;TOT;USD_CAP;A;1971;5.804.402.143;E
LUX;GDP;TOT;USD_CAP;A;1972;6.376.635.832;E
LUX;GDP;TOT;USD_CAP;A;1973;7.204.122.401;E
LUX;GDP;TOT;USD_CAP;A;1974;8.077.173.031;E
LUX;GDP;TOT;USD_CAP;A;1975;8.155.811.875;E
LUX;GDP;TOT;USD_CAP;A;1976;8.778.712.484;E
LUX;GDP;TOT;USD_CAP;A;1977;9.452.195.577;E
LUX;GDP;TOT;USD_CAP;A;1978;1.051.186.693;E
LUX;GDP;TOT;USD_CAP;A;1979;116.221.309;E
LUX;GDP;TOT;USD_CAP;A;1980;1.272.942.455;E
LUX;GDP;TOT;USD_CAP;A;1981;1.381.921.344;E
LUX;GDP;TOT;USD_CAP;A;1982;1.483.087.244;E
LUX;GDP;TOT;USD_CAP;A;1983;1.586.809.328;E
LUX;GDP;TOT;USD_CAP;A;1984;1.744.342.777;E
LUX;GDP;TOT;USD_CAP;A;1985;18.467.162;E
LUX;GDP;TOT;USD_CAP;A;1986;2.062.431.282;E
LUX;GDP;TOT;USD_CAP;A;1987;2.182.702.265;E
LUX;GDP;TOT;USD_CAP;A;1988;2.429.963.916;E
LUX;GDP;TOT;USD_CAP;A;1989;2.745.481.587;E
LUX;GDP;TOT;USD_CAP;A;1990;2.966.003.344;E
LUX;GDP;TOT;USD_CAP;A;1991;3.286.612.745;E
LUX;GDP;TOT;USD_CAP;A;1992;3.376.450.625;E
LUX;GDP;TOT;USD_CAP;A;1993;3.550.965.064;E
LUX;GDP;TOT;USD_CAP;A;1994;3.711.284.424;E
LUX;GDP;TOT;USD_CAP;A;1995;3.954.985.296;
LUX;GDP;TOT;USD_CAP;A;1996;4.132.008.146;
LUX;GDP;TOT;USD_CAP;A;1997;4.280.530.519;
LUX;GDP;TOT;USD_CAP;A;1998;443.448.274;
LUX;GDP;TOT;USD_CAP;A;1999;5.052.665.319;
LUX;GDP;TOT;USD_CAP;A;2000;5.526.339.006;
LUX;GDP;TOT;USD_CAP;A;2001;5.585.219.851;
LUX;GDP;TOT;USD_CAP;A;2002;5.870.901.536;
LUX;GDP;TOT;USD_CAP;A;2003;5.995.539.707;
LUX;GDP;TOT;USD_CAP;A;2004;639.933.082;
LUX;GDP;TOT;USD_CAP;A;2005;6.814.065.238;
LUX;GDP;TOT;USD_CAP;A;2006;7.790.393.005;
LUX;GDP;TOT;USD_CAP;A;2007;8.385.823.573;
LUX;GDP;TOT;USD_CAP;A;2008;8.659.198.546;
LUX;GDP;TOT;USD_CAP;A;2009;822.063.535;
LUX;GDP;TOT;USD_CAP;A;2010;8.551.487.298;
LUX;GDP;TOT;USD_CAP;A;2011;9.181.403.661;
LUX;GDP;TOT;USD_CAP;A;2012;9.152.672.071;
LUX;GDP;TOT;USD_CAP;A;2013;9.524.611.389;
LUX;GDP;TOT;USD_CAP;A;2014;1.009.336.045;
LUX;GDP;TOT;USD_CAP;A;2015;1.028.172.856;
LUX;GDP;TOT;USD_CAP;A;2016;1.047.023.475;
MEX;GDP;TOT;USD_CAP;A;1970;1.820.608.623;E
MEX;GDP;TOT;USD_CAP;A;1971;1.926.670.877;E
MEX;GDP;TOT;USD_CAP;A;1972;2.109.815.195;E
MEX;GDP;TOT;USD_CAP;A;1973;2.334.600.187;E
MEX;GDP;TOT;USD_CAP;A;1974;2.615.183.733;E
MEX;GDP;TOT;USD_CAP;A;1975;2.925.653.409;E
MEX;GDP;TOT;USD_CAP;A;1976;312.274.035;E
MEX;GDP;TOT;USD_CAP;A;1977;3.332.255.689;E
MEX;GDP;TOT;USD_CAP;A;1978;3.752.920.092;E
MEX;GDP;TOT;USD_CAP;A;1979;4.313.679.838;E
MEX;GDP;TOT;USD_CAP;A;1980;4.938.446.663;E
MEX;GDP;TOT;USD_CAP;A;1981;5.745.183.348;E
MEX;GDP;TOT;USD_CAP;A;1982;5.919.322.519;E
MEX;GDP;TOT;USD_CAP;A;1983;5.755.280.187;E
MEX;GDP;TOT;USD_CAP;A;1984;6.043.259.368;E
MEX;GDP;TOT;USD_CAP;A;1985;6.271.723.477;E
MEX;GDP;TOT;USD_CAP;A;1986;603.191.848;E
MEX;GDP;TOT;USD_CAP;A;1987;6.169.587.936;E
MEX;GDP;TOT;USD_CAP;A;1988;6.338.113.703;E
MEX;GDP;TOT;USD_CAP;A;1989;6.729.240.554;E
MEX;GDP;TOT;USD_CAP;A;1990;7.193.840.417;E
MEX;GDP;TOT;USD_CAP;A;1991;7.614.179.405;E
MEX;GDP;TOT;USD_CAP;A;1992;7.935.803.214;E
MEX;GDP;TOT;USD_CAP;A;1993;8.277.718.254;
MEX;GDP;TOT;USD_CAP;A;1994;8.733.591.563;
MEX;GDP;TOT;USD_CAP;A;1995;8.228.851.768;
MEX;GDP;TOT;USD_CAP;A;1996;8.817.658.792;
MEX;GDP;TOT;USD_CAP;A;1997;945.291.663;
MEX;GDP;TOT;USD_CAP;A;1998;9.922.291.159;
MEX;GDP;TOT;USD_CAP;A;1999;1.021.605.314;
MEX;GDP;TOT;USD_CAP;A;2000;1.087.040.962;
MEX;GDP;TOT;USD_CAP;A;2001;1.093.109.473;
MEX;GDP;TOT;USD_CAP;A;2002;1.099.998.034;
MEX;GDP;TOT;USD_CAP;A;2003;1.130.273.755;
MEX;GDP;TOT;USD_CAP;A;2004;1.192.183.713;
MEX;GDP;TOT;USD_CAP;A;2005;1.252.228.589;
MEX;GDP;TOT;USD_CAP;A;2006;137.000.584;
MEX;GDP;TOT;USD_CAP;A;2007;1.420.982.366;
MEX;GDP;TOT;USD_CAP;A;2008;1.485.995.553;
MEX;GDP;TOT;USD_CAP;A;2009;1.450.804.844;
MEX;GDP;TOT;USD_CAP;A;2010;1.523.884.453;
MEX;GDP;TOT;USD_CAP;A;2011;1.652.203.951;
MEX;GDP;TOT;USD_CAP;A;2012;1.719.520.718;
MEX;GDP;TOT;USD_CAP;A;2013;1.743.731.532;
MEX;GDP;TOT;USD_CAP;A;2014;1.814.278.124;E
MEX;GDP;TOT;USD_CAP;A;2015;1.841.381.658;E
MEX;GDP;TOT;USD_CAP;A;2016;1.894.472.192;E
NLD;GDP;TOT;USD_CAP;A;1969;4.086.836.185;E
NLD;GDP;TOT;USD_CAP;A;1970;441.254.919;E
NLD;GDP;TOT;USD_CAP;A;1971;4.777.622.651;E
NLD;GDP;TOT;USD_CAP;A;1972;5.056.951.473;E
NLD;GDP;TOT;USD_CAP;A;1973;5.597.254.145;E
NLD;GDP;TOT;USD_CAP;A;1974;6.311.270.555;E
NLD;GDP;TOT;USD_CAP;A;1975;6.845.206.119;E
NLD;GDP;TOT;USD_CAP;A;1976;7.505.596.192;E
NLD;GDP;TOT;USD_CAP;A;1977;8.076.438.293;E
NLD;GDP;TOT;USD_CAP;A;1978;8.793.329.864;E
NLD;GDP;TOT;USD_CAP;A;1979;9.649.655.098;E
NLD;GDP;TOT;USD_CAP;A;1980;1.077.582.696;E
NLD;GDP;TOT;USD_CAP;A;1981;1.162.170.216;E
NLD;GDP;TOT;USD_CAP;A;1982;1.213.126.342;E
NLD;GDP;TOT;USD_CAP;A;1983;1.281.721.387;E
NLD;GDP;TOT;USD_CAP;A;1984;1.363.401.192;E
NLD;GDP;TOT;USD_CAP;A;1985;1.436.335.584;E
NLD;GDP;TOT;USD_CAP;A;1986;1.497.930.483;E
NLD;GDP;TOT;USD_CAP;A;1987;1.554.261.075;E
NLD;GDP;TOT;USD_CAP;A;1988;165.363.309;E
NLD;GDP;TOT;USD_CAP;A;1989;1.784.024.417;E
NLD;GDP;TOT;USD_CAP;A;1990;1.915.200.323;E
NLD;GDP;TOT;USD_CAP;A;1991;2.011.974.318;E
NLD;GDP;TOT;USD_CAP;A;1992;2.077.217.718;E
NLD;GDP;TOT;USD_CAP;A;1993;2.137.965.016;E
NLD;GDP;TOT;USD_CAP;A;1994;2.234.975.945;E
NLD;GDP;TOT;USD_CAP;A;1995;2.340.969.108;
NLD;GDP;TOT;USD_CAP;A;1996;2.448.497.085;
NLD;GDP;TOT;USD_CAP;A;1997;260.137.428;
NLD;GDP;TOT;USD_CAP;A;1998;2.770.888.009;
NLD;GDP;TOT;USD_CAP;A;1999;2.926.868.549;
NLD;GDP;TOT;USD_CAP;A;2000;3.187.425.537;
NLD;GDP;TOT;USD_CAP;A;2001;3.319.441.941;
NLD;GDP;TOT;USD_CAP;A;2002;3.444.705.337;
NLD;GDP;TOT;USD_CAP;A;2003;3.411.243.235;
NLD;GDP;TOT;USD_CAP;A;2004;3.577.666.881;
NLD;GDP;TOT;USD_CAP;A;2005;3.762.525.244;
NLD;GDP;TOT;USD_CAP;A;2006;4.097.149.326;
NLD;GDP;TOT;USD_CAP;A;2007;4.389.590.071;
NLD;GDP;TOT;USD_CAP;A;2008;4.641.904.259;
NLD;GDP;TOT;USD_CAP;A;2009;4.456.711.995;
NLD;GDP;TOT;USD_CAP;A;2010;4.504.136.985;
NLD;GDP;TOT;USD_CAP;A;2011;4.659.922.766;
NLD;GDP;TOT;USD_CAP;A;2012;4.727.196.823;
NLD;GDP;TOT;USD_CAP;A;2013;4.924.278.671;
NLD;GDP;TOT;USD_CAP;A;2014;4.923.323.035;
NLD;GDP;TOT;USD_CAP;A;2015;5.030.184.562;
NLD;GDP;TOT;USD_CAP;A;2016;5.133.951.103;P
NZL;GDP;TOT;USD_CAP;A;1970;3.921.617.042;E
NZL;GDP;TOT;USD_CAP;A;1971;4.302.406.256;
NZL;GDP;TOT;USD_CAP;A;1972;47.140.688;
NZL;GDP;TOT;USD_CAP;A;1973;5.077.892.782;
NZL;GDP;TOT;USD_CAP;A;1974;5.675.044.095;
NZL;GDP;TOT;USD_CAP;A;1975;628.836.298;
NZL;GDP;TOT;USD_CAP;A;1976;6.538.548.258;
NZL;GDP;TOT;USD_CAP;A;1977;6.465.197.454;
NZL;GDP;TOT;USD_CAP;A;1978;7.242.380.184;
NZL;GDP;TOT;USD_CAP;A;1979;7.660.515.762;
NZL;GDP;TOT;USD_CAP;A;1980;8.441.623.669;
NZL;GDP;TOT;USD_CAP;A;1981;9.436.065.537;
NZL;GDP;TOT;USD_CAP;A;1982;1.043.697.977;
NZL;GDP;TOT;USD_CAP;A;1983;1.120.465.207;
NZL;GDP;TOT;USD_CAP;A;1984;1.229.048.247;
NZL;GDP;TOT;USD_CAP;A;1985;1.263.570.544;
NZL;GDP;TOT;USD_CAP;A;1986;1.324.212.187;
NZL;GDP;TOT;USD_CAP;A;1987;1.337.420.469;
NZL;GDP;TOT;USD_CAP;A;1988;1.385.109.854;
NZL;GDP;TOT;USD_CAP;A;1989;1.443.347.528;
NZL;GDP;TOT;USD_CAP;A;1990;1.468.094.734;
NZL;GDP;TOT;USD_CAP;A;1991;1.452.438.015;B
NZL;GDP;TOT;USD_CAP;A;1992;1.486.944.945;
NZL;GDP;TOT;USD_CAP;A;1993;1.588.208.996;
NZL;GDP;TOT;USD_CAP;A;1994;1.697.712.865;
NZL;GDP;TOT;USD_CAP;A;1995;178.220.775;
NZL;GDP;TOT;USD_CAP;A;1996;1.839.012.022;
NZL;GDP;TOT;USD_CAP;A;1997;1.908.313.527;
NZL;GDP;TOT;USD_CAP;A;1998;19.307.809;
NZL;GDP;TOT;USD_CAP;A;1999;2.053.706.121;
NZL;GDP;TOT;USD_CAP;A;2000;2.148.088.339;
NZL;GDP;TOT;USD_CAP;A;2001;2.238.797.679;
NZL;GDP;TOT;USD_CAP;A;2002;2.318.006.498;
NZL;GDP;TOT;USD_CAP;A;2003;2.386.195.543;
NZL;GDP;TOT;USD_CAP;A;2004;2.499.774.748;
NZL;GDP;TOT;USD_CAP;A;2005;2.558.981.334;
NZL;GDP;TOT;USD_CAP;A;2006;2.767.614.643;
NZL;GDP;TOT;USD_CAP;A;2007;293.081.713;
NZL;GDP;TOT;USD_CAP;A;2008;2.978.207.214;
NZL;GDP;TOT;USD_CAP;A;2009;3.059.016.723;
NZL;GDP;TOT;USD_CAP;A;2010;3.116.494.525;
NZL;GDP;TOT;USD_CAP;A;2011;3.266.747.868;
NZL;GDP;TOT;USD_CAP;A;2012;3.291.210.508;
NZL;GDP;TOT;USD_CAP;A;2013;3.607.420.795;
NZL;GDP;TOT;USD_CAP;A;2014;3.708.327.714;
NZL;GDP;TOT;USD_CAP;A;2015;3.734.066.709;
NZL;GDP;TOT;USD_CAP;A;2016;3.919.693.308;E
NOR;GDP;TOT;USD_CAP;A;1970;3.358.733.822;
NOR;GDP;TOT;USD_CAP;A;1971;370.433.163;
NOR;GDP;TOT;USD_CAP;A;1972;4.039.411.491;
NOR;GDP;TOT;USD_CAP;A;1973;4.423.537.876;
NOR;GDP;TOT;USD_CAP;A;1974;4.979.315.806;
NOR;GDP;TOT;USD_CAP;A;1975;5.678.598.064;
NOR;GDP;TOT;USD_CAP;A;1976;6.310.207.498;
NOR;GDP;TOT;USD_CAP;A;1977;6.951.787.344;
NOR;GDP;TOT;USD_CAP;A;1978;7.698.216.078;
NOR;GDP;TOT;USD_CAP;A;1979;8.671.528.602;
NOR;GDP;TOT;USD_CAP;A;1980;9.854.953.455;
NOR;GDP;TOT;USD_CAP;A;1981;10.922.435;
NOR;GDP;TOT;USD_CAP;A;1982;1.158.216.576;
NOR;GDP;TOT;USD_CAP;A;1983;1.247.455.896;
NOR;GDP;TOT;USD_CAP;A;1984;1.366.713.054;
NOR;GDP;TOT;USD_CAP;A;1985;1.483.574.195;
NOR;GDP;TOT;USD_CAP;A;1986;1.569.340.153;
NOR;GDP;TOT;USD_CAP;A;1987;1.628.522.473;
NOR;GDP;TOT;USD_CAP;A;1988;167.287.251;
NOR;GDP;TOT;USD_CAP;A;1989;1.749.025.124;
NOR;GDP;TOT;USD_CAP;A;1990;1.843.455.428;
NOR;GDP;TOT;USD_CAP;A;1991;1.954.904.178;
NOR;GDP;TOT;USD_CAP;A;1992;2.059.326.829;
NOR;GDP;TOT;USD_CAP;A;1993;215.502.763;
NOR;GDP;TOT;USD_CAP;A;1994;229.898.945;
NOR;GDP;TOT;USD_CAP;A;1995;243.235.826;
NOR;GDP;TOT;USD_CAP;A;1996;2.679.306.701;
NOR;GDP;TOT;USD_CAP;A;1997;2.860.628.194;
NOR;GDP;TOT;USD_CAP;A;1998;2.818.922.397;
NOR;GDP;TOT;USD_CAP;A;1999;3.055.474.223;
NOR;GDP;TOT;USD_CAP;A;2000;3.695.610.937;
NOR;GDP;TOT;USD_CAP;A;2001;3.778.475.495;
NOR;GDP;TOT;USD_CAP;A;2002;3.796.112.649;
NOR;GDP;TOT;USD_CAP;A;2003;3.853.186.587;
NOR;GDP;TOT;USD_CAP;A;2004;4.248.557.149;
NOR;GDP;TOT;USD_CAP;A;2005;4.777.543.918;
NOR;GDP;TOT;USD_CAP;A;2006;5.407.601.065;
NOR;GDP;TOT;USD_CAP;A;2007;5.589.860.034;
NOR;GDP;TOT;USD_CAP;A;2008;6.175.999.132;
NOR;GDP;TOT;USD_CAP;A;2009;5.543.438.382;
NOR;GDP;TOT;USD_CAP;A;2010;5.796.851.588;
NOR;GDP;TOT;USD_CAP;A;2011;6.214.613.251;
NOR;GDP;TOT;USD_CAP;A;2012;6.544.192.484;
NOR;GDP;TOT;USD_CAP;A;2013;6.705.114.287;
NOR;GDP;TOT;USD_CAP;A;2014;6.601.842.418;
NOR;GDP;TOT;USD_CAP;A;2015;6.049.207.309;
NOR;GDP;TOT;USD_CAP;A;2016;5.812.199.226;
POL;GDP;TOT;USD_CAP;A;1990;6.188.502.764;E
POL;GDP;TOT;USD_CAP;A;1991;593.676.526;E
POL;GDP;TOT;USD_CAP;A;1992;6.214.333.368;E
POL;GDP;TOT;USD_CAP;A;1993;6.591.095.644;E
POL;GDP;TOT;USD_CAP;A;1994;7.082.399.154;E
POL;GDP;TOT;USD_CAP;A;1995;7.729.041.015;
POL;GDP;TOT;USD_CAP;A;1996;8.326.895.118;
POL;GDP;TOT;USD_CAP;A;1997;9.005.554.757;
POL;GDP;TOT;USD_CAP;A;1998;9.565.338.164;
POL;GDP;TOT;USD_CAP;A;1999;1.012.460.357;
POL;GDP;TOT;USD_CAP;A;2000;1.065.366.956;
POL;GDP;TOT;USD_CAP;A;2001;1.110.111.235;
POL;GDP;TOT;USD_CAP;A;2002;1.178.056.697;
POL;GDP;TOT;USD_CAP;A;2003;1.226.021.556;
POL;GDP;TOT;USD_CAP;A;2004;1.334.187.444;
POL;GDP;TOT;USD_CAP;A;2005;1.389.754.307;
POL;GDP;TOT;USD_CAP;A;2006;1.514.586.119;
POL;GDP;TOT;USD_CAP;A;2007;1.678.998.011;
POL;GDP;TOT;USD_CAP;A;2008;1.831.513.109;
POL;GDP;TOT;USD_CAP;A;2009;1.908.070.466;
POL;GDP;TOT;USD_CAP;A;2010;2.078.919.199;
POL;GDP;TOT;USD_CAP;A;2011;2.257.617.938;
POL;GDP;TOT;USD_CAP;A;2012;2.354.200.296;
POL;GDP;TOT;USD_CAP;A;2013;2.442.276.391;
POL;GDP;TOT;USD_CAP;A;2014;2.529.795.045;
POL;GDP;TOT;USD_CAP;A;2015;2.652.881.575;
POL;GDP;TOT;USD_CAP;A;2016;2.740.556.485;
PRT;GDP;TOT;USD_CAP;A;1970;2.075.100.407;E
PRT;GDP;TOT;USD_CAP;A;1971;2.345.320.616;E
PRT;GDP;TOT;USD_CAP;A;1972;2.646.804.193;E
PRT;GDP;TOT;USD_CAP;A;1973;3.103.472.781;E
PRT;GDP;TOT;USD_CAP;A;1974;3.374.118.589;E
PRT;GDP;TOT;USD_CAP;A;1975;3.394.914.822;E
PRT;GDP;TOT;USD_CAP;A;1976;3.721.676.901;E
PRT;GDP;TOT;USD_CAP;A;1977;4.130.238.794;E
PRT;GDP;TOT;USD_CAP;A;1978;4.496.264.028;E
PRT;GDP;TOT;USD_CAP;A;1979;5.089.042.177;E
PRT;GDP;TOT;USD_CAP;A;1980;5.740.998.508;E
PRT;GDP;TOT;USD_CAP;A;1981;6.331.454.333;E
PRT;GDP;TOT;USD_CAP;A;1982;682.392.327;E
PRT;GDP;TOT;USD_CAP;A;1983;7.048.348.099;E
PRT;GDP;TOT;USD_CAP;A;1984;7.140.955.632;E
PRT;GDP;TOT;USD_CAP;A;1985;7.556.958.861;E
PRT;GDP;TOT;USD_CAP;A;1986;8.028.380.558;E
PRT;GDP;TOT;USD_CAP;A;1987;8.766.758.498;E
PRT;GDP;TOT;USD_CAP;A;1988;9.781.158.074;E
PRT;GDP;TOT;USD_CAP;A;1989;1.085.303.112;E
PRT;GDP;TOT;USD_CAP;A;1990;1.174.902.685;E
PRT;GDP;TOT;USD_CAP;A;1991;1.271.288.718;E
PRT;GDP;TOT;USD_CAP;A;1992;1.314.955.413;E
PRT;GDP;TOT;USD_CAP;A;1993;1.317.138.132;E
PRT;GDP;TOT;USD_CAP;A;1994;1.354.983.138;E
PRT;GDP;TOT;USD_CAP;A;1995;1.438.556.214;
PRT;GDP;TOT;USD_CAP;A;1996;1.490.262.321;
PRT;GDP;TOT;USD_CAP;A;1997;1.579.101.884;
PRT;GDP;TOT;USD_CAP;A;1998;1.669.154.737;
PRT;GDP;TOT;USD_CAP;A;1999;1.772.351.132;
PRT;GDP;TOT;USD_CAP;A;2000;1.888.690.125;
PRT;GDP;TOT;USD_CAP;A;2001;1.954.066.068;
PRT;GDP;TOT;USD_CAP;A;2002;203.677.387;
PRT;GDP;TOT;USD_CAP;A;2003;2.084.092.739;
PRT;GDP;TOT;USD_CAP;A;2004;2.147.554.341;
PRT;GDP;TOT;USD_CAP;A;2005;2.273.966.382;
PRT;GDP;TOT;USD_CAP;A;2006;2.465.534.046;
PRT;GDP;TOT;USD_CAP;A;2007;2.570.586.215;
PRT;GDP;TOT;USD_CAP;A;2008;2.663.149.833;
PRT;GDP;TOT;USD_CAP;A;2009;2.646.923.175;
PRT;GDP;TOT;USD_CAP;A;2010;2.730.818.967;
PRT;GDP;TOT;USD_CAP;A;2011;2.678.013.068;
PRT;GDP;TOT;USD_CAP;A;2012;2.645.422.685;
PRT;GDP;TOT;USD_CAP;A;2013;2.789.947.614;
PRT;GDP;TOT;USD_CAP;A;2014;2.874.652.581;
PRT;GDP;TOT;USD_CAP;A;2015;2.968.463.659;
PRT;GDP;TOT;USD_CAP;A;2016;3.104.187.337;
SVK;GDP;TOT;USD_CAP;A;1992;7.145.744.047;E
SVK;GDP;TOT;USD_CAP;A;1993;7.428.932.678;E
SVK;GDP;TOT;USD_CAP;A;1994;8.025.411.467;E
SVK;GDP;TOT;USD_CAP;A;1995;8.645.877.571;
SVK;GDP;TOT;USD_CAP;A;1996;9.360.253.763;
SVK;GDP;TOT;USD_CAP;A;1997;1.006.803.825;
SVK;GDP;TOT;USD_CAP;A;1998;1.061.256.587;
SVK;GDP;TOT;USD_CAP;A;1999;1.070.151.806;
SVK;GDP;TOT;USD_CAP;A;2000;1.133.145.202;
SVK;GDP;TOT;USD_CAP;A;2001;1.236.984.014;
SVK;GDP;TOT;USD_CAP;A;2002;1.329.017.514;
SVK;GDP;TOT;USD_CAP;A;2003;1.412.407.788;
SVK;GDP;TOT;USD_CAP;A;2004;1.515.972.796;
SVK;GDP;TOT;USD_CAP;A;2005;1.657.206.371;
SVK;GDP;TOT;USD_CAP;A;2006;1.880.213.802;
SVK;GDP;TOT;USD_CAP;A;2007;2.107.906.032;
SVK;GDP;TOT;USD_CAP;A;2008;2.357.493.219;
SVK;GDP;TOT;USD_CAP;A;2009;2.292.577.712;
SVK;GDP;TOT;USD_CAP;A;2010;2.478.509.488;
SVK;GDP;TOT;USD_CAP;A;2011;2.583.633.899;
SVK;GDP;TOT;USD_CAP;A;2012;2.665.400.879;
SVK;GDP;TOT;USD_CAP;A;2013;2.789.962.134;
SVK;GDP;TOT;USD_CAP;A;2014;2.892.817.644;
SVK;GDP;TOT;USD_CAP;A;2015;2.969.953.505;
SVK;GDP;TOT;USD_CAP;A;2016;3.089.595.421;
ESP;GDP;TOT;USD_CAP;A;1970;2.757.019.271;E
ESP;GDP;TOT;USD_CAP;A;1971;3.003.620.913;E
ESP;GDP;TOT;USD_CAP;A;1972;3.358.573.745;E
ESP;GDP;TOT;USD_CAP;A;1973;3.784.310.077;E
ESP;GDP;TOT;USD_CAP;A;1974;4.314.842.226;E
ESP;GDP;TOT;USD_CAP;A;1975;4.690.956.165;E
ESP;GDP;TOT;USD_CAP;A;1976;5.052.589.737;E
ESP;GDP;TOT;USD_CAP;A;1977;5.453.603.692;E
ESP;GDP;TOT;USD_CAP;A;1978;585.641.353;E
ESP;GDP;TOT;USD_CAP;A;1979;6.288.506.096;E
ESP;GDP;TOT;USD_CAP;A;1980;6.932.886.123;E
ESP;GDP;TOT;USD_CAP;A;1981;7.532.447.859;E
ESP;GDP;TOT;USD_CAP;A;1982;8.054.187.262;E
ESP;GDP;TOT;USD_CAP;A;1983;8.477.810.152;E
ESP;GDP;TOT;USD_CAP;A;1984;8.903.991.346;E
ESP;GDP;TOT;USD_CAP;A;1985;936.431.915;E
ESP;GDP;TOT;USD_CAP;A;1986;9.833.746.969;E
ESP;GDP;TOT;USD_CAP;A;1987;1.060.970.815;E
ESP;GDP;TOT;USD_CAP;A;1988;1.151.817.448;E
ESP;GDP;TOT;USD_CAP;A;1989;1.252.324.917;E
ESP;GDP;TOT;USD_CAP;A;1990;1.346.284.023;E
ESP;GDP;TOT;USD_CAP;A;1991;1.424.720.941;E
ESP;GDP;TOT;USD_CAP;A;1992;146.729.871;E
ESP;GDP;TOT;USD_CAP;A;1993;1.483.326.075;E
ESP;GDP;TOT;USD_CAP;A;1994;1.548.329.957;E
ESP;GDP;TOT;USD_CAP;A;1995;1.622.037.991;
ESP;GDP;TOT;USD_CAP;A;1996;1.691.847.912;
ESP;GDP;TOT;USD_CAP;A;1997;1.787.214.667;
ESP;GDP;TOT;USD_CAP;A;1998;1.903.376.532;
ESP;GDP;TOT;USD_CAP;A;1999;1.991.564.327;
ESP;GDP;TOT;USD_CAP;A;2000;2.154.105.519;
ESP;GDP;TOT;USD_CAP;A;2001;2.295.819.946;
ESP;GDP;TOT;USD_CAP;A;2002;2.436.774.311;
ESP;GDP;TOT;USD_CAP;A;2003;2.505.088.916;
ESP;GDP;TOT;USD_CAP;A;2004;2.621.839.005;
ESP;GDP;TOT;USD_CAP;A;2005;2.769.644.668;
ESP;GDP;TOT;USD_CAP;A;2006;308.408.106;
ESP;GDP;TOT;USD_CAP;A;2007;3.259.042.063;
ESP;GDP;TOT;USD_CAP;A;2008;3.344.250.046;
ESP;GDP;TOT;USD_CAP;A;2009;3.238.779.474;
ESP;GDP;TOT;USD_CAP;A;2010;3.193.298.815;
ESP;GDP;TOT;USD_CAP;A;2011;3.207.268.837;
ESP;GDP;TOT;USD_CAP;A;2012;3.199.280.352;
ESP;GDP;TOT;USD_CAP;A;2013;3.262.265.998;
ESP;GDP;TOT;USD_CAP;A;2014;3.372.836.272;
ESP;GDP;TOT;USD_CAP;A;2015;3.505.449.329;
ESP;GDP;TOT;USD_CAP;A;2016;367.425.061;P
SWE;GDP;TOT;USD_CAP;A;1970;483.252.014;E
SWE;GDP;TOT;USD_CAP;A;1971;5.090.641.402;E
SWE;GDP;TOT;USD_CAP;A;1972;5.416.193.838;E
SWE;GDP;TOT;USD_CAP;A;1973;5.928.736.127;E
SWE;GDP;TOT;USD_CAP;A;1974;6.649.307.812;E
SWE;GDP;TOT;USD_CAP;A;1975;7.422.484.052;E
SWE;GDP;TOT;USD_CAP;A;1976;7.884.956.359;E
SWE;GDP;TOT;USD_CAP;A;1977;8.212.226.894;E
SWE;GDP;TOT;USD_CAP;A;1978;8.917.880.088;E
SWE;GDP;TOT;USD_CAP;A;1979;1.000.564.496;E
SWE;GDP;TOT;USD_CAP;A;1980;1.107.355.429;E
SWE;GDP;TOT;USD_CAP;A;1981;1.216.185.029;E
SWE;GDP;TOT;USD_CAP;A;1982;1.306.662.668;E
SWE;GDP;TOT;USD_CAP;A;1983;138.298.485;E
SWE;GDP;TOT;USD_CAP;A;1984;1.492.050.056;E
SWE;GDP;TOT;USD_CAP;A;1985;1.570.040.375;E
SWE;GDP;TOT;USD_CAP;A;1986;1.640.835.039;E
SWE;GDP;TOT;USD_CAP;A;1987;1.732.002.197;E
SWE;GDP;TOT;USD_CAP;A;1988;1.830.699.819;E
SWE;GDP;TOT;USD_CAP;A;1989;1.939.869.143;E
SWE;GDP;TOT;USD_CAP;A;1990;2.012.036.898;E
SWE;GDP;TOT;USD_CAP;A;1991;2.042.401.568;E
SWE;GDP;TOT;USD_CAP;A;1992;2.052.595.298;E
SWE;GDP;TOT;USD_CAP;A;1993;2.045.857.607;
SWE;GDP;TOT;USD_CAP;A;1994;2.159.577.526;
SWE;GDP;TOT;USD_CAP;A;1995;2.281.493.188;
SWE;GDP;TOT;USD_CAP;A;1996;236.340.216;
SWE;GDP;TOT;USD_CAP;A;1997;2.449.671.842;
SWE;GDP;TOT;USD_CAP;A;1998;2.554.465.792;
SWE;GDP;TOT;USD_CAP;A;1999;2.718.128.134;
SWE;GDP;TOT;USD_CAP;A;2000;2.932.073.074;
SWE;GDP;TOT;USD_CAP;A;2001;2.967.911.205;
SWE;GDP;TOT;USD_CAP;A;2002;3.063.621.689;
SWE;GDP;TOT;USD_CAP;A;2003;3.151.303.157;
SWE;GDP;TOT;USD_CAP;A;2004;3.356.742.201;
SWE;GDP;TOT;USD_CAP;A;2005;3.400.599.929;
SWE;GDP;TOT;USD_CAP;A;2006;3.746.363.638;
SWE;GDP;TOT;USD_CAP;A;2007;4.062.811.323;
SWE;GDP;TOT;USD_CAP;A;2008;4.190.429.807;
SWE;GDP;TOT;USD_CAP;A;2009;3.969.504.087;
SWE;GDP;TOT;USD_CAP;A;2010;416.327.998;
SWE;GDP;TOT;USD_CAP;A;2011;4.380.856.365;
SWE;GDP;TOT;USD_CAP;A;2012;4.477.426.366;
SWE;GDP;TOT;USD_CAP;A;2013;4.572.189.742;
SWE;GDP;TOT;USD_CAP;A;2014;4.657.250.561;
SWE;GDP;TOT;USD_CAP;A;2015;4.843.690.482;
SWE;GDP;TOT;USD_CAP;A;2016;490.839.897;
CHE;GDP;TOT;USD_CAP;A;1970;713.985.558;E
CHE;GDP;TOT;USD_CAP;A;1971;7.713.613.285;E
CHE;GDP;TOT;USD_CAP;A;1972;8.229.258.261;E
CHE;GDP;TOT;USD_CAP;A;1973;8.889.716.889;E
CHE;GDP;TOT;USD_CAP;A;1974;9.801.965.254;E
CHE;GDP;TOT;USD_CAP;A;1975;1.001.743.348;E
CHE;GDP;TOT;USD_CAP;A;1976;1.053.589.604;E
CHE;GDP;TOT;USD_CAP;A;1977;1.149.351.746;E
CHE;GDP;TOT;USD_CAP;A;1978;1.232.078.717;E
CHE;GDP;TOT;USD_CAP;A;1979;1.363.608.945;E
CHE;GDP;TOT;USD_CAP;A;1980;1.546.829.843;
CHE;GDP;TOT;USD_CAP;A;1981;1.708.550.245;
CHE;GDP;TOT;USD_CAP;A;1982;1.779.815.184;
CHE;GDP;TOT;USD_CAP;A;1983;185.711.433;
CHE;GDP;TOT;USD_CAP;A;1984;1.974.939.514;
CHE;GDP;TOT;USD_CAP;A;1985;2.103.133.179;
CHE;GDP;TOT;USD_CAP;A;1986;2.172.191.357;
CHE;GDP;TOT;USD_CAP;A;1987;2.245.451.649;
CHE;GDP;TOT;USD_CAP;A;1988;2.381.949.905;
CHE;GDP;TOT;USD_CAP;A;1989;2.562.746.827;
CHE;GDP;TOT;USD_CAP;A;1990;272.667.269;
CHE;GDP;TOT;USD_CAP;A;1991;2.759.042.893;
CHE;GDP;TOT;USD_CAP;A;1992;2.795.087.772;
CHE;GDP;TOT;USD_CAP;A;1993;2.838.994.211;
CHE;GDP;TOT;USD_CAP;A;1994;29164.08;
CHE;GDP;TOT;USD_CAP;A;1995;2.967.161.775;
CHE;GDP;TOT;USD_CAP;A;1996;3.029.056.556;
CHE;GDP;TOT;USD_CAP;A;1997;3.153.890.843;
CHE;GDP;TOT;USD_CAP;A;1998;3.263.989.392;
CHE;GDP;TOT;USD_CAP;A;1999;3.350.530.114;
CHE;GDP;TOT;USD_CAP;A;2000;3.543.419.139;
CHE;GDP;TOT;USD_CAP;A;2001;3.652.241.071;
CHE;GDP;TOT;USD_CAP;A;2002;3.746.638.184;
CHE;GDP;TOT;USD_CAP;A;2003;3.746.329.001;
CHE;GDP;TOT;USD_CAP;A;2004;389.131.477;
CHE;GDP;TOT;USD_CAP;A;2005;4.032.687.635;
CHE;GDP;TOT;USD_CAP;A;2006;4.485.941.676;
CHE;GDP;TOT;USD_CAP;A;2007;495.002.375;
CHE;GDP;TOT;USD_CAP;A;2008;5.236.264.918;
CHE;GDP;TOT;USD_CAP;A;2009;5.156.456.759;
CHE;GDP;TOT;USD_CAP;A;2010;5.285.984.814;
CHE;GDP;TOT;USD_CAP;A;2011;5.618.381.787;
CHE;GDP;TOT;USD_CAP;A;2012;5.784.960.172;
CHE;GDP;TOT;USD_CAP;A;2013;6.010.854.053;
CHE;GDP;TOT;USD_CAP;A;2014;6.190.216.174;
CHE;GDP;TOT;USD_CAP;A;2015;6.393.895.824;
CHE;GDP;TOT;USD_CAP;A;2016;6.421.584.264;
TUR;GDP;TOT;USD_CAP;A;1970;1.775.702.738;E
TUR;GDP;TOT;USD_CAP;A;1971;1.920.975.899;E
TUR;GDP;TOT;USD_CAP;A;1972;2.099.666.922;E
TUR;GDP;TOT;USD_CAP;A;1973;2.230.501.446;E
TUR;GDP;TOT;USD_CAP;A;1974;2.503.826.465;E
TUR;GDP;TOT;USD_CAP;A;1975;2.855.755.174;E
TUR;GDP;TOT;USD_CAP;A;1976;3.260.074.936;E
TUR;GDP;TOT;USD_CAP;A;1977;3.507.423.873;E
TUR;GDP;TOT;USD_CAP;A;1978;3.732.680.772;E
TUR;GDP;TOT;USD_CAP;A;1979;3.934.976.842;E
TUR;GDP;TOT;USD_CAP;A;1980;4.099.969.493;E
TUR;GDP;TOT;USD_CAP;A;1981;4.591.937.736;E
TUR;GDP;TOT;USD_CAP;A;1982;4.925.184.934;E
TUR;GDP;TOT;USD_CAP;A;1983;524.042.237;E
TUR;GDP;TOT;USD_CAP;A;1984;5.651.511.037;E
TUR;GDP;TOT;USD_CAP;A;1985;5.928.176.571;E
TUR;GDP;TOT;USD_CAP;A;1986;6.324.240.389;E
TUR;GDP;TOT;USD_CAP;A;1987;6.974.673.259;E
TUR;GDP;TOT;USD_CAP;A;1988;7.249.497.079;E
TUR;GDP;TOT;USD_CAP;A;1989;7.423.884.533;E
TUR;GDP;TOT;USD_CAP;A;1990;8.272.936.838;E
TUR;GDP;TOT;USD_CAP;A;1991;848.797.025;E
TUR;GDP;TOT;USD_CAP;A;1992;9.050.601.905;E
TUR;GDP;TOT;USD_CAP;A;1993;9.849.903.259;E
TUR;GDP;TOT;USD_CAP;A;1994;9.362.012.013;E
TUR;GDP;TOT;USD_CAP;A;1995;1.008.810.694;E
TUR;GDP;TOT;USD_CAP;A;1996;1.081.030.118;E
TUR;GDP;TOT;USD_CAP;A;1997;1.164.131.513;E
TUR;GDP;TOT;USD_CAP;A;1998;8.930.799.866;
TUR;GDP;TOT;USD_CAP;A;1999;8.608.417.262;
TUR;GDP;TOT;USD_CAP;A;2000;9.432.853.962;
TUR;GDP;TOT;USD_CAP;A;2001;9.082.035.216;
TUR;GDP;TOT;USD_CAP;A;2002;9.207.886.408;
TUR;GDP;TOT;USD_CAP;A;2003;949.134.279;
TUR;GDP;TOT;USD_CAP;A;2004;1.074.587.086;
TUR;GDP;TOT;USD_CAP;A;2005;1.177.298.891;
TUR;GDP;TOT;USD_CAP;A;2006;1.349.620.018;
TUR;GDP;TOT;USD_CAP;A;2007;1.471.543.023;
TUR;GDP;TOT;USD_CAP;A;2008;1.590.107.695;
TUR;GDP;TOT;USD_CAP;A;2009;1.533.323.286;
TUR;GDP;TOT;USD_CAP;A;2010;1.726.449.798;
TUR;GDP;TOT;USD_CAP;A;2011;1.951.718.146;
TUR;GDP;TOT;USD_CAP;A;2012;2.054.929.308;E
TUR;GDP;TOT;USD_CAP;A;2013;2.231.440.367;E
TUR;GDP;TOT;USD_CAP;A;2014;2.415.880.637;E
TUR;GDP;TOT;USD_CAP;A;2015;2.598.621.094;E
TUR;GDP;TOT;USD_CAP;A;2016;26.676.646;E
GBR;GDP;TOT;USD_CAP;A;1960;2.186.298.678;
GBR;GDP;TOT;USD_CAP;A;1961;2.248.226.997;
GBR;GDP;TOT;USD_CAP;A;1962;2.296.179.887;
GBR;GDP;TOT;USD_CAP;A;1963;2.419.069.763;
GBR;GDP;TOT;USD_CAP;A;1964;2.563.492.244;
GBR;GDP;TOT;USD_CAP;A;1965;2.694.142.395;
GBR;GDP;TOT;USD_CAP;A;1966;2.834.567.525;
GBR;GDP;TOT;USD_CAP;A;1967;2.976.523.362;
GBR;GDP;TOT;USD_CAP;A;1968;3.268.199.673;
GBR;GDP;TOT;USD_CAP;A;1969;3.507.172.729;
GBR;GDP;TOT;USD_CAP;A;1970;3.555.583.223;
GBR;GDP;TOT;USD_CAP;A;1971;3.845.530.241;
GBR;GDP;TOT;USD_CAP;A;1972;4.171.741.374;
GBR;GDP;TOT;USD_CAP;A;1973;4.676.250.945;
GBR;GDP;TOT;USD_CAP;A;1974;4.970.341.667;
GBR;GDP;TOT;USD_CAP;A;1975;535.135.338;
GBR;GDP;TOT;USD_CAP;A;1976;5.811.190.408;
GBR;GDP;TOT;USD_CAP;A;1977;6.325.980.516;
GBR;GDP;TOT;USD_CAP;A;1978;7.056.951.193;
GBR;GDP;TOT;USD_CAP;A;1979;7.919.635.593;
GBR;GDP;TOT;USD_CAP;A;1980;844.640.441;
GBR;GDP;TOT;USD_CAP;A;1981;9.169.777.553;
GBR;GDP;TOT;USD_CAP;A;1982;994.388.246;
GBR;GDP;TOT;USD_CAP;A;1983;1.076.484.693;
GBR;GDP;TOT;USD_CAP;A;1984;1.138.827.908;
GBR;GDP;TOT;USD_CAP;A;1985;1.220.992.619;
GBR;GDP;TOT;USD_CAP;A;1986;1.281.551.713;
GBR;GDP;TOT;USD_CAP;A;1987;1.380.004.267;
GBR;GDP;TOT;USD_CAP;A;1988;1.507.825.443;
GBR;GDP;TOT;USD_CAP;A;1989;1.602.664.776;
GBR;GDP;TOT;USD_CAP;A;1990;1.670.114.244;
GBR;GDP;TOT;USD_CAP;A;1991;1.701.856.911;
GBR;GDP;TOT;USD_CAP;A;1992;1.742.720.563;
GBR;GDP;TOT;USD_CAP;A;1993;1.825.002.792;
GBR;GDP;TOT;USD_CAP;A;1994;1.931.343.724;
GBR;GDP;TOT;USD_CAP;A;1995;2.043.268.843;
GBR;GDP;TOT;USD_CAP;A;1996;2.176.111.834;
GBR;GDP;TOT;USD_CAP;A;1997;2.296.047.981;
GBR;GDP;TOT;USD_CAP;A;1998;2.352.004.503;
GBR;GDP;TOT;USD_CAP;A;1999;242.090.227;
GBR;GDP;TOT;USD_CAP;A;2000;262.580.183;
GBR;GDP;TOT;USD_CAP;A;2001;2.751.544.915;
GBR;GDP;TOT;USD_CAP;A;2002;2.888.413.784;
GBR;GDP;TOT;USD_CAP;A;2003;3.013.151.824;
GBR;GDP;TOT;USD_CAP;A;2004;3.180.858.764;
GBR;GDP;TOT;USD_CAP;A;2005;3.248.591.565;
GBR;GDP;TOT;USD_CAP;A;2006;345.656.378;
GBR;GDP;TOT;USD_CAP;A;2007;3.540.951.876;
GBR;GDP;TOT;USD_CAP;A;2008;3.641.647.554;
GBR;GDP;TOT;USD_CAP;A;2009;3.477.792.349;
GBR;GDP;TOT;USD_CAP;A;2010;3.601.632.266;
GBR;GDP;TOT;USD_CAP;A;2011;3.680.514.493;
GBR;GDP;TOT;USD_CAP;A;2012;3.790.846.975;
GBR;GDP;TOT;USD_CAP;A;2013;3.951.905.147;
GBR;GDP;TOT;USD_CAP;A;2014;408.777.285;
GBR;GDP;TOT;USD_CAP;A;2015;4.205.507.993;
GBR;GDP;TOT;USD_CAP;A;2016;4.294.290.386;
USA;GDP;TOT;USD_CAP;A;1970;5.233.352.349;
USA;GDP;TOT;USD_CAP;A;1971;5.608.545.346;
USA;GDP;TOT;USD_CAP;A;1972;609.320.516;
USA;GDP;TOT;USD_CAP;A;1973;6.725.406.839;
USA;GDP;TOT;USD_CAP;A;1974;7.224.204.995;
USA;GDP;TOT;USD_CAP;A;1975;7.801.167.695;
USA;GDP;TOT;USD_CAP;A;1976;8.590.244.216;
USA;GDP;TOT;USD_CAP;A;1977;9.450.431.025;
USA;GDP;TOT;USD_CAP;A;1978;1.056.286.018;
USA;GDP;TOT;USD_CAP;A;1979;1.167.154.141;
USA;GDP;TOT;USD_CAP;A;1980;1.254.712.681;
USA;GDP;TOT;USD_CAP;A;1981;1.394.317.589;
USA;GDP;TOT;USD_CAP;A;1982;1.439.935.319;
USA;GDP;TOT;USD_CAP;A;1983;1.550.800.784;
USA;GDP;TOT;USD_CAP;A;1984;1.708.001.472;
USA;GDP;TOT;USD_CAP;A;1985;181.923.264;
USA;GDP;TOT;USD_CAP;A;1986;1.902.764.632;
USA;GDP;TOT;USD_CAP;A;1987;1.999.322.608;
USA;GDP;TOT;USD_CAP;A;1988;2.136.789.616;
USA;GDP;TOT;USD_CAP;A;1989;2.280.467.446;
USA;GDP;TOT;USD_CAP;A;1990;2.383.531.923;
USA;GDP;TOT;USD_CAP;A;1991;2.428.954.759;
USA;GDP;TOT;USD_CAP;A;1992;2.537.862.464;
USA;GDP;TOT;USD_CAP;A;1993;2.635.049.293;
USA;GDP;TOT;USD_CAP;A;1994;2.766.026.836;
USA;GDP;TOT;USD_CAP;A;1995;2.865.751.272;
USA;GDP;TOT;USD_CAP;A;1996;2.993.215.777;
USA;GDP;TOT;USD_CAP;A;1997;3.142.443.893;
USA;GDP;TOT;USD_CAP;A;1998;32.817.982;
USA;GDP;TOT;USD_CAP;A;1999;3.447.797.213;
USA;GDP;TOT;USD_CAP;A;2000;3.630.460.202;
USA;GDP;TOT;USD_CAP;A;2001;370.999.106;
USA;GDP;TOT;USD_CAP;A;2002;3.797.960.793;
USA;GDP;TOT;USD_CAP;A;2003;3.942.608.714;
USA;GDP;TOT;USD_CAP;A;2004;4.164.784.391;
USA;GDP;TOT;USD_CAP;A;2005;4.404.373.414;
USA;GDP;TOT;USD_CAP;A;2006;462.308.462;
USA;GDP;TOT;USD_CAP;A;2007;4.790.206.035;
USA;GDP;TOT;USD_CAP;A;2008;483.112.237;
USA;GDP;TOT;USD_CAP;A;2009;470.281.604;
USA;GDP;TOT;USD_CAP;A;2010;483.936.164;
USA;GDP;TOT;USD_CAP;A;2011;4.980.032.554;
USA;GDP;TOT;USD_CAP;A;2012;5.152.145.852;
USA;GDP;TOT;USD_CAP;A;2013;530.162.888;
USA;GDP;TOT;USD_CAP;A;2014;5.493.520.048;
USA;GDP;TOT;USD_CAP;A;2015;5.670.088.042;
USA;GDP;TOT;USD_CAP;A;2016;5.779.746.221;
CHL;GDP;TOT;USD_CAP;A;1986;3.378.139.766;E
CHL;GDP;TOT;USD_CAP;A;1987;3.626.540.396;E
CHL;GDP;TOT;USD_CAP;A;1988;3.960.913.401;E
CHL;GDP;TOT;USD_CAP;A;1989;4.475.284.781;E
CHL;GDP;TOT;USD_CAP;A;1990;4.735.818.535;E
CHL;GDP;TOT;USD_CAP;A;1991;5.190.382.613;E
CHL;GDP;TOT;USD_CAP;A;1992;5.854.374.214;E
CHL;GDP;TOT;USD_CAP;A;1993;6.299.643.818;E
CHL;GDP;TOT;USD_CAP;A;1994;6.684.534.004;E
CHL;GDP;TOT;USD_CAP;A;1995;7.422.424.717;E
CHL;GDP;TOT;USD_CAP;A;1996;8.007.106.364;
CHL;GDP;TOT;USD_CAP;A;1997;8.631.577.208;
CHL;GDP;TOT;USD_CAP;A;1998;8.984.419.531;
CHL;GDP;TOT;USD_CAP;A;1999;8.956.789.355;
CHL;GDP;TOT;USD_CAP;A;2000;9.519.174.418;
CHL;GDP;TOT;USD_CAP;A;2001;9.937.064.613;
CHL;GDP;TOT;USD_CAP;A;2002;1.029.291.809;
CHL;GDP;TOT;USD_CAP;A;2003;1.079.377.102;
CHL;GDP;TOT;USD_CAP;A;2004;1.175.751.191;
CHL;GDP;TOT;USD_CAP;A;2005;1.266.785.359;
CHL;GDP;TOT;USD_CAP;A;2006;1.568.521.897;
CHL;GDP;TOT;USD_CAP;A;2007;1.687.226.879;
CHL;GDP;TOT;USD_CAP;A;2008;1.644.733.384;
CHL;GDP;TOT;USD_CAP;A;2009;1.611.989.398;
CHL;GDP;TOT;USD_CAP;A;2010;1.812.908.799;
CHL;GDP;TOT;USD_CAP;A;2011;2.030.278.872;
CHL;GDP;TOT;USD_CAP;A;2012;2.144.653.762;
CHL;GDP;TOT;USD_CAP;A;2013;2.235.253.073;
CHL;GDP;TOT;USD_CAP;A;2014;2.269.162.984;
CHL;GDP;TOT;USD_CAP;A;2015;2.260.071.995;
CHL;GDP;TOT;USD_CAP;A;2016;2.276.069.713;
CHN;GDP;TOT;USD_CAP;A;1980;311.722.929;
CHN;GDP;TOT;USD_CAP;A;1981;351.299.771;
CHN;GDP;TOT;USD_CAP;A;1982;398.039.914;
CHN;GDP;TOT;USD_CAP;A;1983;452.405.572;
CHN;GDP;TOT;USD_CAP;A;1984;533.227.522;
CHN;GDP;TOT;USD_CAP;A;1985;615.755.796;
CHN;GDP;TOT;USD_CAP;A;1986;673.057.921;
CHN;GDP;TOT;USD_CAP;A;1987;757.219.634;
CHN;GDP;TOT;USD_CAP;A;1988;858.846.318;
CHN;GDP;TOT;USD_CAP;A;1989;916.057.899;
CHN;GDP;TOT;USD_CAP;A;1990;979.541.752;
CHN;GDP;TOT;USD_CAP;A;1991;1.091.981.461;
CHN;GDP;TOT;USD_CAP;A;1992;1.260.974.738;
CHN;GDP;TOT;USD_CAP;A;1993;145.330.934;
CHN;GDP;TOT;USD_CAP;A;1994;1.659.303.163;
CHN;GDP;TOT;USD_CAP;A;1995;1.859.657.831;
CHN;GDP;TOT;USD_CAP;A;1996;206.004.374;
CHN;GDP;TOT;USD_CAP;A;1997;2.265.812.737;
CHN;GDP;TOT;USD_CAP;A;1998;2.447.446.891;
CHN;GDP;TOT;USD_CAP;A;1999;2.653.629.616;
CHN;GDP;TOT;USD_CAP;A;2000;2.922.239.364;
CHN;GDP;TOT;USD_CAP;A;2001;3.215.672.512;
CHN;GDP;TOT;USD_CAP;A;2002;3.540.243.681;
CHN;GDP;TOT;USD_CAP;A;2003;3.949.409.942;
CHN;GDP;TOT;USD_CAP;A;2004;4.442.164.849;
CHN;GDP;TOT;USD_CAP;A;2005;5.077.604.087;
CHN;GDP;TOT;USD_CAP;A;2006;5.868.232.808;
CHN;GDP;TOT;USD_CAP;A;2007;6.846.293.865;
CHN;GDP;TOT;USD_CAP;A;2008;7.615.725.389;
CHN;GDP;TOT;USD_CAP;A;2009;8.354.100.889;
CHN;GDP;TOT;USD_CAP;A;2010;9.310.816.301;
CHN;GDP;TOT;USD_CAP;A;2011;1.035.954.996;
CHN;GDP;TOT;USD_CAP;A;2012;1.132.301.998;
CHN;GDP;TOT;USD_CAP;A;2013;1.233.760.652;
CHN;GDP;TOT;USD_CAP;A;2014;1.340.559.344;
CHN;GDP;TOT;USD_CAP;A;2015;1.441.435.412;
CHN;GDP;TOT;USD_CAP;A;2016;1.548.520.073;
COL;GDP;TOT;USD_CAP;A;1985;3.913.014.178;E
COL;GDP;TOT;USD_CAP;A;1986;4.176.673.368;E
COL;GDP;TOT;USD_CAP;A;1987;4.478.419.215;E
COL;GDP;TOT;USD_CAP;A;1988;4.775.939.791;E
COL;GDP;TOT;USD_CAP;A;1989;5.061.952.431;E
COL;GDP;TOT;USD_CAP;A;1990;5.477.897.183;E
COL;GDP;TOT;USD_CAP;A;1991;5.736.740.579;E
COL;GDP;TOT;USD_CAP;A;1992;6.068.997.509;E
COL;GDP;TOT;USD_CAP;A;1993;6.286.830.927;E
COL;GDP;TOT;USD_CAP;A;1994;5.808.506.894;E
COL;GDP;TOT;USD_CAP;A;1995;6.300.084.552;E
COL;GDP;TOT;USD_CAP;A;1996;6.571.388.933;E
COL;GDP;TOT;USD_CAP;A;1997;6.945.209.488;E
COL;GDP;TOT;USD_CAP;A;1998;7.107.031.099;E
COL;GDP;TOT;USD_CAP;A;1999;6.893.186.107;E
COL;GDP;TOT;USD_CAP;A;2000;6.159.440.685;E
COL;GDP;TOT;USD_CAP;A;2001;6.369.297.476;E
COL;GDP;TOT;USD_CAP;A;2002;6.594.665.555;E
COL;GDP;TOT;USD_CAP;A;2003;7.065.081.897;E
COL;GDP;TOT;USD_CAP;A;2004;7.591.336.419;E
COL;GDP;TOT;USD_CAP;A;2005;8.246.031.712;
COL;GDP;TOT;USD_CAP;A;2006;8.968.118.865;
COL;GDP;TOT;USD_CAP;A;2007;9.729.019.862;
COL;GDP;TOT;USD_CAP;A;2008;1.013.964.302;
COL;GDP;TOT;USD_CAP;A;2009;1.030.117.192;
COL;GDP;TOT;USD_CAP;A;2010;1.074.153.563;
COL;GDP;TOT;USD_CAP;A;2011;115.536.719;
COL;GDP;TOT;USD_CAP;A;2012;1.216.594.305;
COL;GDP;TOT;USD_CAP;A;2013;128.412.828;E
COL;GDP;TOT;USD_CAP;A;2014;1.353.566.058;
COL;GDP;TOT;USD_CAP;A;2015;1.392.804.805;
COL;GDP;TOT;USD_CAP;A;2016;1.427.762.581;
EST;GDP;TOT;USD_CAP;A;1993;5.571.895.345;E
EST;GDP;TOT;USD_CAP;A;1994;5.727.395.282;E
EST;GDP;TOT;USD_CAP;A;1995;6.234.168.342;
EST;GDP;TOT;USD_CAP;A;1996;6.779.491.886;
EST;GDP;TOT;USD_CAP;A;1997;78.059.973;
EST;GDP;TOT;USD_CAP;A;1998;8.323.897.906;
EST;GDP;TOT;USD_CAP;A;1999;8.435.213.415;
EST;GDP;TOT;USD_CAP;A;2000;9.392.255.717;
EST;GDP;TOT;USD_CAP;A;2001;1.026.885.392;
EST;GDP;TOT;USD_CAP;A;2002;1.155.584.553;
EST;GDP;TOT;USD_CAP;A;2003;1.302.212.871;
EST;GDP;TOT;USD_CAP;A;2004;1.437.984.154;
EST;GDP;TOT;USD_CAP;A;2005;1.646.602.273;
EST;GDP;TOT;USD_CAP;A;2006;1.920.252.252;
EST;GDP;TOT;USD_CAP;A;2007;2.192.798.825;
EST;GDP;TOT;USD_CAP;A;2008;2.264.184.013;
EST;GDP;TOT;USD_CAP;A;2009;2.048.418.362;
EST;GDP;TOT;USD_CAP;A;2010;2.155.216.918;
EST;GDP;TOT;USD_CAP;A;2011;2.450.134.442;
EST;GDP;TOT;USD_CAP;A;2012;2.597.331.691;
EST;GDP;TOT;USD_CAP;A;2013;2.744.985.271;
EST;GDP;TOT;USD_CAP;A;2014;2.893.652.979;
EST;GDP;TOT;USD_CAP;A;2015;2.925.984.171;
EST;GDP;TOT;USD_CAP;A;2016;308.949.506;
IND;GDP;TOT;USD_CAP;A;2004;2.616.706.221;E
IND;GDP;TOT;USD_CAP;A;2005;2.906.308.327;E
IND;GDP;TOT;USD_CAP;A;2006;322.643.365;E
IND;GDP;TOT;USD_CAP;A;2007;3.585.815.724;E
IND;GDP;TOT;USD_CAP;A;2008;3.745.750.638;E
IND;GDP;TOT;USD_CAP;A;2009;4.038.251.028;E
IND;GDP;TOT;USD_CAP;A;2010;4.414.060.389;E
IND;GDP;TOT;USD_CAP;A;2011;4.739.373.347;
IND;GDP;TOT;USD_CAP;A;2012;5.028.214.828;
IND;GDP;TOT;USD_CAP;A;2013;5.366.192.385;
IND;GDP;TOT;USD_CAP;A;2014;5.793.188.071;
IND;GDP;TOT;USD_CAP;A;2015;6.254.551.269;
IND;GDP;TOT;USD_CAP;A;2016;6.701.318.431;
IDN;GDP;TOT;USD_CAP;A;1993;4.627.787.273;E
IDN;GDP;TOT;USD_CAP;A;1994;5.012.580.752;E
IDN;GDP;TOT;USD_CAP;A;1995;5.461.433.736;E
IDN;GDP;TOT;USD_CAP;A;1996;5.913.277.703;E
IDN;GDP;TOT;USD_CAP;A;1997;6.210.363.972;E
IDN;GDP;TOT;USD_CAP;A;1998;5.378.536.193;E
IDN;GDP;TOT;USD_CAP;A;1999;542.818.952;E
IDN;GDP;TOT;USD_CAP;A;2000;5.192.625.618;E
IDN;GDP;TOT;USD_CAP;A;2001;542.204.846;E
IDN;GDP;TOT;USD_CAP;A;2002;566.685.626;E
IDN;GDP;TOT;USD_CAP;A;2003;5.965.481.353;E
IDN;GDP;TOT;USD_CAP;A;2004;6.341.490.873;E
IDN;GDP;TOT;USD_CAP;A;2005;6.814.566.794;E
IDN;GDP;TOT;USD_CAP;A;2006;729.936.015;E
IDN;GDP;TOT;USD_CAP;A;2007;7.849.776.281;E
IDN;GDP;TOT;USD_CAP;A;2008;8.358.038.025;
IDN;GDP;TOT;USD_CAP;A;2009;850.548.813;
IDN;GDP;TOT;USD_CAP;A;2010;8.401.653.869;
IDN;GDP;TOT;USD_CAP;A;2011;8.973.562.971;
IDN;GDP;TOT;USD_CAP;A;2012;9.554.336.766;
IDN;GDP;TOT;USD_CAP;A;2013;1.010.842.992;
IDN;GDP;TOT;USD_CAP;A;2014;1.066.161.875;
IDN;GDP;TOT;USD_CAP;A;2015;11156.9;
IDN;GDP;TOT;USD_CAP;A;2016;117.191.773;
ISR;GDP;TOT;USD_CAP;A;1995;1.988.768.269;
ISR;GDP;TOT;USD_CAP;A;1996;2.074.158.315;
ISR;GDP;TOT;USD_CAP;A;1997;2.140.661.743;
ISR;GDP;TOT;USD_CAP;A;1998;2.200.799.647;
ISR;GDP;TOT;USD_CAP;A;1999;2.252.197.961;
ISR;GDP;TOT;USD_CAP;A;2000;2.485.383.812;
ISR;GDP;TOT;USD_CAP;A;2001;2.483.344.681;
ISR;GDP;TOT;USD_CAP;A;2002;2.512.807.943;
ISR;GDP;TOT;USD_CAP;A;2003;2.370.630.118;
ISR;GDP;TOT;USD_CAP;A;2004;250.974.926;
ISR;GDP;TOT;USD_CAP;A;2005;2.470.019.575;
ISR;GDP;TOT;USD_CAP;A;2006;2.554.451.103;
ISR;GDP;TOT;USD_CAP;A;2007;2.730.857.603;
ISR;GDP;TOT;USD_CAP;A;2008;2.725.709.251;
ISR;GDP;TOT;USD_CAP;A;2009;2.751.216.613;
ISR;GDP;TOT;USD_CAP;A;2010;2.884.002.884;
ISR;GDP;TOT;USD_CAP;A;2011;3.057.968.706;
ISR;GDP;TOT;USD_CAP;A;2012;317.384.618;
ISR;GDP;TOT;USD_CAP;A;2013;3.419.322.611;
ISR;GDP;TOT;USD_CAP;A;2014;3.427.784.216;
ISR;GDP;TOT;USD_CAP;A;2015;3.552.726.299;
ISR;GDP;TOT;USD_CAP;A;2016;3.752.492.187;
RUS;GDP;TOT;USD_CAP;A;1995;603.976.801;E
RUS;GDP;TOT;USD_CAP;A;1996;5.937.096.879;E
RUS;GDP;TOT;USD_CAP;A;1997;6.133.019.547;E
RUS;GDP;TOT;USD_CAP;A;1998;5.880.281.292;E
RUS;GDP;TOT;USD_CAP;A;1999;6.363.686.444;E
RUS;GDP;TOT;USD_CAP;A;2000;7.343.972.601;E
RUS;GDP;TOT;USD_CAP;A;2001;7.920.668.176;E
RUS;GDP;TOT;USD_CAP;A;2002;8.648.175.878;E
RUS;GDP;TOT;USD_CAP;A;2003;996.810.134;E
RUS;GDP;TOT;USD_CAP;A;2004;1.101.529.316;E
RUS;GDP;TOT;USD_CAP;A;2005;1.273.390.072;E
RUS;GDP;TOT;USD_CAP;A;2006;1.606.203.071;E
RUS;GDP;TOT;USD_CAP;A;2007;1.793.189.294;E
RUS;GDP;TOT;USD_CAP;A;2008;2.171.830.961;E
RUS;GDP;TOT;USD_CAP;A;2009;2.088.498.809;E
RUS;GDP;TOT;USD_CAP;A;2010;2.207.000.308;E
RUS;GDP;TOT;USD_CAP;A;2011;2.431.003.713;
RUS;GDP;TOT;USD_CAP;A;2012;2.578.455.968;
RUS;GDP;TOT;USD_CAP;A;2013;262.402.588;
RUS;GDP;TOT;USD_CAP;A;2014;257.974.991;
RUS;GDP;TOT;USD_CAP;A;2015;2.410.114.988;
RUS;GDP;TOT;USD_CAP;A;2016;2.408.051.901;
SVN;GDP;TOT;USD_CAP;A;1995;1.356.416.583;
SVN;GDP;TOT;USD_CAP;A;1996;1.426.312.956;
SVN;GDP;TOT;USD_CAP;A;1997;1.526.807.162;
SVN;GDP;TOT;USD_CAP;A;1998;1.603.485.561;
SVN;GDP;TOT;USD_CAP;A;1999;1.706.140.537;
SVN;GDP;TOT;USD_CAP;A;2000;1.804.609.887;
SVN;GDP;TOT;USD_CAP;A;2001;1.895.631.371;
SVN;GDP;TOT;USD_CAP;A;2002;2.029.991.416;
SVN;GDP;TOT;USD_CAP;A;2003;2.112.781.425;
SVN;GDP;TOT;USD_CAP;A;2004;2.277.389.246;
SVN;GDP;TOT;USD_CAP;A;2005;2.394.120.173;
SVN;GDP;TOT;USD_CAP;A;2006;2.575.060.409;
SVN;GDP;TOT;USD_CAP;A;2007;2.759.548.444;
SVN;GDP;TOT;USD_CAP;A;2008;2.962.587.145;B
SVN;GDP;TOT;USD_CAP;A;2009;2.744.919.265;
SVN;GDP;TOT;USD_CAP;A;2010;2.773.614.692;
SVN;GDP;TOT;USD_CAP;A;2011;2.880.473.958;
SVN;GDP;TOT;USD_CAP;A;2012;2.890.636.212;
SVN;GDP;TOT;USD_CAP;A;2013;2.980.270.044;
SVN;GDP;TOT;USD_CAP;A;2014;3.084.729.099;
SVN;GDP;TOT;USD_CAP;A;2015;3.164.904.228;
SVN;GDP;TOT;USD_CAP;A;2016;3.319.057.645;
ZAF;GDP;TOT;USD_CAP;A;1985;569.929.117;
ZAF;GDP;TOT;USD_CAP;A;1986;5.683.360.554;
ZAF;GDP;TOT;USD_CAP;A;1987;5.820.282.739;
ZAF;GDP;TOT;USD_CAP;A;1988;6.132.482.625;
ZAF;GDP;TOT;USD_CAP;A;1989;6.462.045.029;
ZAF;GDP;TOT;USD_CAP;A;1990;6.512.332.079;
ZAF;GDP;TOT;USD_CAP;A;1991;6.517.474.653;
ZAF;GDP;TOT;USD_CAP;A;1992;6.384.322.626;
ZAF;GDP;TOT;USD_CAP;A;1993;6.476.917.933;
ZAF;GDP;TOT;USD_CAP;A;1994;6.686.259.293;
ZAF;GDP;TOT;USD_CAP;A;1995;6.894.620.731;
ZAF;GDP;TOT;USD_CAP;A;1996;7.177.841.419;
ZAF;GDP;TOT;USD_CAP;A;1997;7.349.020.224;
ZAF;GDP;TOT;USD_CAP;A;1998;73.286.406;
ZAF;GDP;TOT;USD_CAP;A;1999;7.482.181.843;
ZAF;GDP;TOT;USD_CAP;A;2000;7.838.632.675;
ZAF;GDP;TOT;USD_CAP;A;2001;8.105.749.293;
ZAF;GDP;TOT;USD_CAP;A;2002;8.327.474.258;
ZAF;GDP;TOT;USD_CAP;A;2003;8.642.426.981;
ZAF;GDP;TOT;USD_CAP;A;2004;9.173.917.364;
ZAF;GDP;TOT;USD_CAP;A;2005;9.847.081.746;
ZAF;GDP;TOT;USD_CAP;A;2006;1.058.428.772;
ZAF;GDP;TOT;USD_CAP;A;2007;1.130.178.231;
ZAF;GDP;TOT;USD_CAP;A;2008;1.173.526.145;
ZAF;GDP;TOT;USD_CAP;A;2009;114.862.726;
ZAF;GDP;TOT;USD_CAP;A;2010;118.155.201;
ZAF;GDP;TOT;USD_CAP;A;2011;1.223.412.962;
ZAF;GDP;TOT;USD_CAP;A;2012;1.260.021.291;
ZAF;GDP;TOT;USD_CAP;A;2013;129.294.325;
ZAF;GDP;TOT;USD_CAP;A;2014;1.320.367.061;
ZAF;GDP;TOT;USD_CAP;A;2015;133.107.044;
ZAF;GDP;TOT;USD_CAP;A;2016;1.334.481.782;
DEW;GDP;TOT;USD_CAP;A;1970;4.562.672.226;
DEW;GDP;TOT;USD_CAP;A;1971;4.892.259.126;
DEW;GDP;TOT;USD_CAP;A;1972;529.197.128;
DEW;GDP;TOT;USD_CAP;A;1973;5.817.915.555;
DEW;GDP;TOT;USD_CAP;A;1974;6.389.028.716;
DEW;GDP;TOT;USD_CAP;A;1975;6.945.497.442;
DEW;GDP;TOT;USD_CAP;A;1976;7.726.674.065;
DEW;GDP;TOT;USD_CAP;A;1977;8.498.827.583;
DEW;GDP;TOT;USD_CAP;A;1978;9.380.302.036;
DEW;GDP;TOT;USD_CAP;A;1979;1.057.038.782;
DEW;GDP;TOT;USD_CAP;A;1980;1.164.691.142;
DEW;GDP;TOT;USD_CAP;A;1981;1.277.736.095;
DEW;GDP;TOT;USD_CAP;A;1982;1.352.633.154;
DEW;GDP;TOT;USD_CAP;A;1983;1.433.125.622;
DEW;GDP;TOT;USD_CAP;A;1984;1.532.073.746;
DEW;GDP;TOT;USD_CAP;A;1985;1.621.880.661;
DEW;GDP;TOT;USD_CAP;A;1986;1.691.275.262;
DEW;GDP;TOT;USD_CAP;A;1987;1.758.446.441;
DEW;GDP;TOT;USD_CAP;A;1988;1.876.025.042;
DEW;GDP;TOT;USD_CAP;A;1989;2.004.914.509;
DEW;GDP;TOT;USD_CAP;A;1990;2.147.147.805;
DEW;GDP;TOT;USD_CAP;A;1991;2.302.052.001;
EU28;GDP;TOT;USD_CAP;A;1995;1.808.805.187;
EU28;GDP;TOT;USD_CAP;A;1996;1.878.591.005;
EU28;GDP;TOT;USD_CAP;A;1997;1.958.989.281;
EU28;GDP;TOT;USD_CAP;A;1998;2.044.930.153;
EU28;GDP;TOT;USD_CAP;A;1999;2.122.243.967;
EU28;GDP;TOT;USD_CAP;A;2000;2.263.221.536;
EU28;GDP;TOT;USD_CAP;A;2001;2.374.487.143;
EU28;GDP;TOT;USD_CAP;A;2002;2.482.274.434;
EU28;GDP;TOT;USD_CAP;A;2003;2.541.501.884;
EU28;GDP;TOT;USD_CAP;A;2004;2.664.247.791;
EU28;GDP;TOT;USD_CAP;A;2005;2.759.100.125;
EU28;GDP;TOT;USD_CAP;A;2006;2.984.962.522;
EU28;GDP;TOT;USD_CAP;A;2007;3.163.759.059;
EU28;GDP;TOT;USD_CAP;A;2008;3.307.331.957;
EU28;GDP;TOT;USD_CAP;A;2009;3.226.242.399;
EU28;GDP;TOT;USD_CAP;A;2010;3.331.168.528;
EU28;GDP;TOT;USD_CAP;A;2011;3.470.334.749;
EU28;GDP;TOT;USD_CAP;A;2012;3.525.790.822;
EU28;GDP;TOT;USD_CAP;A;2013;3.649.925.938;
EU28;GDP;TOT;USD_CAP;A;2014;375.575.781;
EU28;GDP;TOT;USD_CAP;A;2015;3.871.828.427;
EU28;GDP;TOT;USD_CAP;A;2016;402.205.836;
OECD;GDP;TOT;USD_CAP;A;1970;3.568.389.095;E
OECD;GDP;TOT;USD_CAP;A;1971;3.842.796.655;E
OECD;GDP;TOT;USD_CAP;A;1972;4.181.261.299;E
OECD;GDP;TOT;USD_CAP;A;1973;4.629.039.922;E
OECD;GDP;TOT;USD_CAP;A;1974;5.048.764.278;E
OECD;GDP;TOT;USD_CAP;A;1975;5.484.377.231;E
OECD;GDP;TOT;USD_CAP;A;1976;6.011.907.435;E
OECD;GDP;TOT;USD_CAP;A;1977;6.557.463.175;E
OECD;GDP;TOT;USD_CAP;A;1978;7.265.725.831;E
OECD;GDP;TOT;USD_CAP;A;1979;8.098.301.724;E
OECD;GDP;TOT;USD_CAP;A;1980;8.855.024.974;E
OECD;GDP;TOT;USD_CAP;A;1981;9.826.440.299;E
OECD;GDP;TOT;USD_CAP;A;1982;1.035.800.752;E
OECD;GDP;TOT;USD_CAP;A;1983;109.949.206;E
OECD;GDP;TOT;USD_CAP;A;1984;1.184.261.742;E
OECD;GDP;TOT;USD_CAP;A;1985;1.257.696.754;E
OECD;GDP;TOT;USD_CAP;A;1986;1.311.068.024;E
OECD;GDP;TOT;USD_CAP;A;1987;138.289.935;E
OECD;GDP;TOT;USD_CAP;A;1988;1.485.168.819;E
OECD;GDP;TOT;USD_CAP;A;1989;1.588.282.859;E
OECD;GDP;TOT;USD_CAP;A;1990;168.304.167;E
OECD;GDP;TOT;USD_CAP;A;1991;1.749.713.752;E
OECD;GDP;TOT;USD_CAP;A;1992;1.814.334.647;E
OECD;GDP;TOT;USD_CAP;A;1993;1.868.476.192;E
OECD;GDP;TOT;USD_CAP;A;1994;1.951.533.037;E
OECD;GDP;TOT;USD_CAP;A;1995;2.030.022.475;E
OECD;GDP;TOT;USD_CAP;A;1996;2.120.789.369;E
OECD;GDP;TOT;USD_CAP;A;1997;2.220.123.483;E
OECD;GDP;TOT;USD_CAP;A;1998;2.280.966.893;
OECD;GDP;TOT;USD_CAP;A;1999;2.373.222.941;
OECD;GDP;TOT;USD_CAP;A;2000;25.208.107;
OECD;GDP;TOT;USD_CAP;A;2001;2.599.716.126;
OECD;GDP;TOT;USD_CAP;A;2002;2.682.965.665;
OECD;GDP;TOT;USD_CAP;A;2003;2.761.356.674;
OECD;GDP;TOT;USD_CAP;A;2004;2.908.386.385;
OECD;GDP;TOT;USD_CAP;A;2005;3.047.232.453;
OECD;GDP;TOT;USD_CAP;A;2006;324.972.819;
OECD;GDP;TOT;USD_CAP;A;2007;3.406.123.695;
OECD;GDP;TOT;USD_CAP;A;2008;3.492.605.592;B
OECD;GDP;TOT;USD_CAP;A;2009;3.398.158.028;
OECD;GDP;TOT;USD_CAP;A;2010;3.528.035.632;
OECD;GDP;TOT;USD_CAP;A;2011;3.667.183.947;P
OECD;GDP;TOT;USD_CAP;A;2012;376.511.705;E
OECD;GDP;TOT;USD_CAP;A;2013;3.901.054.354;E
OECD;GDP;TOT;USD_CAP;A;2014;4.017.240.587;E
OECD;GDP;TOT;USD_CAP;A;2015;4.135.112.943;E
OECD;GDP;TOT;USD_CAP;A;2016;4.246.469.629;E
OECDE;GDP;TOT;USD_CAP;A;1995;1.819.018.792;E
OECDE;GDP;TOT;USD_CAP;A;1996;189.264.051;E
OECDE;GDP;TOT;USD_CAP;A;1997;1.980.405.062;E
OECDE;GDP;TOT;USD_CAP;A;1998;2.026.200.773;
OECDE;GDP;TOT;USD_CAP;A;1999;209.604.817;
OECDE;GDP;TOT;USD_CAP;A;2000;223.947.376;
OECDE;GDP;TOT;USD_CAP;A;2001;2.332.449.815;
OECDE;GDP;TOT;USD_CAP;A;2002;2.425.160.349;
OECDE;GDP;TOT;USD_CAP;A;2003;2.476.739.964;
OECDE;GDP;TOT;USD_CAP;A;2004;2.600.604.351;
OECDE;GDP;TOT;USD_CAP;A;2005;2.699.664.292;
OECDE;GDP;TOT;USD_CAP;A;2006;2.925.914.916;
OECDE;GDP;TOT;USD_CAP;A;2007;3.097.824.681;
OECDE;GDP;TOT;USD_CAP;A;2008;3.234.948.761;B
OECDE;GDP;TOT;USD_CAP;A;2009;3.146.499.664;
OECDE;GDP;TOT;USD_CAP;A;2010;326.585.034;
OECDE;GDP;TOT;USD_CAP;A;2011;3.421.438.442;P
OECDE;GDP;TOT;USD_CAP;A;2012;348.388.895;E
OECDE;GDP;TOT;USD_CAP;A;2013;3.618.414.393;E
OECDE;GDP;TOT;USD_CAP;A;2014;3.734.068.454;E
OECDE;GDP;TOT;USD_CAP;A;2015;3.853.989.422;E
OECDE;GDP;TOT;USD_CAP;A;2016;3.983.662.516;E
LVA;GDP;TOT;USD_CAP;A;1995;5.508.295.523;
LVA;GDP;TOT;USD_CAP;A;1996;5.796.500.471;
LVA;GDP;TOT;USD_CAP;A;1997;6.484.541.115;
LVA;GDP;TOT;USD_CAP;A;1998;7.076.694.796;
LVA;GDP;TOT;USD_CAP;A;1999;7.405.194.403;
LVA;GDP;TOT;USD_CAP;A;2000;8.019.090.469;
LVA;GDP;TOT;USD_CAP;A;2001;9.033.078.821;
LVA;GDP;TOT;USD_CAP;A;2002;1.006.913.309;
LVA;GDP;TOT;USD_CAP;A;2003;1.102.601.799;
LVA;GDP;TOT;USD_CAP;A;2004;1.221.504.476;
LVA;GDP;TOT;USD_CAP;A;2005;1.384.783.979;
LVA;GDP;TOT;USD_CAP;A;2006;1.575.040.339;
LVA;GDP;TOT;USD_CAP;A;2007;1.812.355.015;
LVA;GDP;TOT;USD_CAP;A;2008;1.942.860.513;
LVA;GDP;TOT;USD_CAP;A;2009;1.686.933.449;
LVA;GDP;TOT;USD_CAP;A;2010;1.756.080.356;
LVA;GDP;TOT;USD_CAP;A;2011;1.978.184.554;
LVA;GDP;TOT;USD_CAP;A;2012;2.125.978.844;
LVA;GDP;TOT;USD_CAP;A;2013;2.267.454.579;
LVA;GDP;TOT;USD_CAP;A;2014;2.380.237.063;
LVA;GDP;TOT;USD_CAP;A;2015;2.472.618.336;
LVA;GDP;TOT;USD_CAP;A;2016;2.584.255.802;
BRA;GDP;TOT;USD_CAP;A;2000;9.091.892.265;
BRA;GDP;TOT;USD_CAP;A;2001;9.296.974.644;
BRA;GDP;TOT;USD_CAP;A;2002;9.603.149.244;
BRA;GDP;TOT;USD_CAP;A;2003;9.785.188.819;
BRA;GDP;TOT;USD_CAP;A;2004;1.050.840.812;
BRA;GDP;TOT;USD_CAP;A;2005;1.106.459.252;
BRA;GDP;TOT;USD_CAP;A;2006;1.172.461.212;
BRA;GDP;TOT;USD_CAP;A;2007;1.263.261.971;
BRA;GDP;TOT;USD_CAP;A;2008;1.339.639.825;
BRA;GDP;TOT;USD_CAP;A;2009;1.334.349.442;
BRA;GDP;TOT;USD_CAP;A;2010;1.438.276.105;
BRA;GDP;TOT;USD_CAP;A;2011;1.513.173.384;
BRA;GDP;TOT;USD_CAP;A;2012;1.557.282.619;
BRA;GDP;TOT;USD_CAP;A;2013;1.616.301.194;
BRA;GDP;TOT;USD_CAP;A;2014;1.639.624.183;
BRA;GDP;TOT;USD_CAP;A;2015;1.584.758.256;
BRA;GDP;TOT;USD_CAP;A;2016;1.538.577.831;
LTU;GDP;TOT;USD_CAP;A;1995;5.924.005.185;
LTU;GDP;TOT;USD_CAP;A;1996;6.379.433.952;
LTU;GDP;TOT;USD_CAP;A;1997;70.698.026;
LTU;GDP;TOT;USD_CAP;A;1998;7.763.053.794;
LTU;GDP;TOT;USD_CAP;A;1999;7.821.713.687;
LTU;GDP;TOT;USD_CAP;A;2000;8.457.726.753;
LTU;GDP;TOT;USD_CAP;A;2001;9.451.595.725;
LTU;GDP;TOT;USD_CAP;A;2002;104.943.647;
LTU;GDP;TOT;USD_CAP;A;2003;1.206.774.925;
LTU;GDP;TOT;USD_CAP;A;2004;1.303.143.298;
LTU;GDP;TOT;USD_CAP;A;2005;1.452.615.953;
LTU;GDP;TOT;USD_CAP;A;2006;1.648.455.841;
LTU;GDP;TOT;USD_CAP;A;2007;1.909.557.157;
LTU;GDP;TOT;USD_CAP;A;2008;2.074.401.133;
LTU;GDP;TOT;USD_CAP;A;2009;1.814.590.711;
LTU;GDP;TOT;USD_CAP;A;2010;2.009.072.403;
LTU;GDP;TOT;USD_CAP;A;2011;2.285.432.403;
LTU;GDP;TOT;USD_CAP;A;2012;2.465.808.639;
LTU;GDP;TOT;USD_CAP;A;2013;2.666.057.762;
LTU;GDP;TOT;USD_CAP;A;2014;2.817.426.101;
LTU;GDP;TOT;USD_CAP;A;2015;2.891.031.386;
LTU;GDP;TOT;USD_CAP;A;2016;3.029.995.929;
SAU;GDP;TOT;USD_CAP;A;1990;2.744.145.679;
SAU;GDP;TOT;USD_CAP;A;1991;3.156.437.721;
SAU;GDP;TOT;USD_CAP;A;1992;3.258.407.204;
SAU;GDP;TOT;USD_CAP;A;1993;320.184.107;
SAU;GDP;TOT;USD_CAP;A;1994;3.207.195.103;
SAU;GDP;TOT;USD_CAP;A;1995;3.206.650.791;
SAU;GDP;TOT;USD_CAP;A;1996;3.281.984.481;
SAU;GDP;TOT;USD_CAP;A;1997;3.310.290.975;
SAU;GDP;TOT;USD_CAP;A;1998;33.777.675;
SAU;GDP;TOT;USD_CAP;A;1999;3.233.407.581;
SAU;GDP;TOT;USD_CAP;A;2000;3.413.965.495;
SAU;GDP;TOT;USD_CAP;A;2001;3.362.170.673;
SAU;GDP;TOT;USD_CAP;A;2002;3.226.266.043;
SAU;GDP;TOT;USD_CAP;A;2003;3.555.027.705;
SAU;GDP;TOT;USD_CAP;A;2004;382.932.545;
SAU;GDP;TOT;USD_CAP;A;2005;4.054.714.566;
SAU;GDP;TOT;USD_CAP;A;2006;4.178.254.446;
SAU;GDP;TOT;USD_CAP;A;2007;4.252.036.251;
SAU;GDP;TOT;USD_CAP;A;2008;4.484.192.394;
SAU;GDP;TOT;USD_CAP;A;2009;4.305.581.405;
SAU;GDP;TOT;USD_CAP;A;2010;4.450.242.385;
SAU;GDP;TOT;USD_CAP;A;2011;4.852.463.247;
SAU;GDP;TOT;USD_CAP;A;2012;5.057.339.067;
SAU;GDP;TOT;USD_CAP;A;2013;5.126.486.615;
SAU;GDP;TOT;USD_CAP;A;2014;5.262.825.204;
SAU;GDP;TOT;USD_CAP;A;2015;5.401.387.805;
SAU;GDP;TOT;USD_CAP;A;2016;543.786.981;
EA19;GDP;TOT;USD_CAP;A;1995;2.045.527.838;
EA19;GDP;TOT;USD_CAP;A;1996;211.028.041;
EA19;GDP;TOT;USD_CAP;A;1997;219.767.409;
EA19;GDP;TOT;USD_CAP;A;1998;2.301.824.195;
EA19;GDP;TOT;USD_CAP;A;1999;239.175.298;
EA19;GDP;TOT;USD_CAP;A;2000;2.541.288.499;
EA19;GDP;TOT;USD_CAP;A;2001;2.660.440.524;
EA19;GDP;TOT;USD_CAP;A;2002;276.577.108;
EA19;GDP;TOT;USD_CAP;A;2003;2.807.644.961;
EA19;GDP;TOT;USD_CAP;A;2004;2.919.056.076;
EA19;GDP;TOT;USD_CAP;A;2005;3.023.235.266;
EA19;GDP;TOT;USD_CAP;A;2006;3.265.828.924;
EA19;GDP;TOT;USD_CAP;A;2007;3.456.238.213;
EA19;GDP;TOT;USD_CAP;A;2008;3.590.227.895;
EA19;GDP;TOT;USD_CAP;A;2009;3.500.175.451;
EA19;GDP;TOT;USD_CAP;A;2010;3.596.498.906;
EA19;GDP;TOT;USD_CAP;A;2011;3.742.121.368;
EA19;GDP;TOT;USD_CAP;A;2012;377.871.826;
EA19;GDP;TOT;USD_CAP;A;2013;3.901.523.876;
EA19;GDP;TOT;USD_CAP;A;2014;4.002.348.653;
EA19;GDP;TOT;USD_CAP;A;2015;4.114.868.929;
EA19;GDP;TOT;USD_CAP;A;2016;4.282.344.893;
ARG;GDP;TOT;USD_CAP;A;2004;1.261.502.285;
ARG;GDP;TOT;USD_CAP;A;2005;1.402.861.614;
ARG;GDP;TOT;USD_CAP;A;2006;154.572.244;
ARG;GDP;TOT;USD_CAP;A;2007;1.712.876.313;
ARG;GDP;TOT;USD_CAP;A;2008;1.799.502.673;
ARG;GDP;TOT;USD_CAP;A;2009;168.936.432;
ARG;GDP;TOT;USD_CAP;A;2010;1.852.926.294;
ARG;GDP;TOT;USD_CAP;A;2011;1.981.745.048;
ARG;GDP;TOT;USD_CAP;A;2012;1.974.952.612;
ARG;GDP;TOT;USD_CAP;A;2013;2.032.248.618;
ARG;GDP;TOT;USD_CAP;A;2014;1.994.690.021;
ARG;GDP;TOT;USD_CAP;A;2015;2.049.180.354;
ARG;GDP;TOT;USD_CAP;A;2016;2.016.073.529;
CRI;GDP;TOT;USD_CAP;A;1991;5.336.343.602;
CRI;GDP;TOT;USD_CAP;A;1992;5.827.658.048;
CRI;GDP;TOT;USD_CAP;A;1993;6.250.047.392;
CRI;GDP;TOT;USD_CAP;A;1994;6.478.128.395;
CRI;GDP;TOT;USD_CAP;A;1995;6.690.088.576;
CRI;GDP;TOT;USD_CAP;A;1996;6.722.279.692;
CRI;GDP;TOT;USD_CAP;A;1997;7.033.950.447;
CRI;GDP;TOT;USD_CAP;A;1998;7.424.679.541;
CRI;GDP;TOT;USD_CAP;A;1999;7.649.647.926;
CRI;GDP;TOT;USD_CAP;A;2000;794.233.039;
CRI;GDP;TOT;USD_CAP;A;2001;822.990.926;
CRI;GDP;TOT;USD_CAP;A;2002;8.480.331.804;
CRI;GDP;TOT;USD_CAP;A;2003;8.888.359.539;
CRI;GDP;TOT;USD_CAP;A;2004;9.377.668.722;
CRI;GDP;TOT;USD_CAP;A;2005;9.895.269.471;
CRI;GDP;TOT;USD_CAP;A;2006;1.076.700.136;
CRI;GDP;TOT;USD_CAP;A;2007;1.179.203.272;
CRI;GDP;TOT;USD_CAP;A;2008;1.240.479.557;
CRI;GDP;TOT;USD_CAP;A;2009;1.219.118.306;
CRI;GDP;TOT;USD_CAP;A;2010;1.273.311.504;
CRI;GDP;TOT;USD_CAP;A;2011;1.342.885.735;
CRI;GDP;TOT;USD_CAP;A;2012;1.414.464.589;
CRI;GDP;TOT;USD_CAP;A;2013;1.451.248.372;
CRI;GDP;TOT;USD_CAP;A;2014;1.509.894.931;
CRI;GDP;TOT;USD_CAP;A;2015;1.562.377.144;
CRI;GDP;TOT;USD_CAP;A;2016;1.628.411.906;
BGR;GDP;TOT;USD_CAP;A;1995;7.683.999.914;
BGR;GDP;TOT;USD_CAP;A;1996;6.779.383.505;
BGR;GDP;TOT;USD_CAP;A;1997;5.696.733.052;
BGR;GDP;TOT;USD_CAP;A;1998;6.141.186.066;
BGR;GDP;TOT;USD_CAP;A;1999;5.767.150.637;
BGR;GDP;TOT;USD_CAP;A;2000;6.377.865.827;
BGR;GDP;TOT;USD_CAP;A;2001;6.992.582.007;
BGR;GDP;TOT;USD_CAP;A;2002;7.695.241.896;
BGR;GDP;TOT;USD_CAP;A;2003;8.291.749.298;
BGR;GDP;TOT;USD_CAP;A;2004;9.047.416.787;
BGR;GDP;TOT;USD_CAP;A;2005;1.010.448.437;
BGR;GDP;TOT;USD_CAP;A;2006;1.116.953.182;
BGR;GDP;TOT;USD_CAP;A;2007;1.260.969.287;
BGR;GDP;TOT;USD_CAP;A;2008;1.408.298.625;
BGR;GDP;TOT;USD_CAP;A;2009;1.388.377.139;
BGR;GDP;TOT;USD_CAP;A;2010;1.465.910.764;
BGR;GDP;TOT;USD_CAP;A;2011;1.567.613.304;
BGR;GDP;TOT;USD_CAP;A;2012;1.620.828.849;
BGR;GDP;TOT;USD_CAP;A;2013;1.657.094.864;
BGR;GDP;TOT;USD_CAP;A;2014;1.753.431.953;
BGR;GDP;TOT;USD_CAP;A;2015;1.818.645.058;
BGR;GDP;TOT;USD_CAP;A;2016;1.950.035.718;
HRV;GDP;TOT;USD_CAP;A;1995;8.249.413.655;
HRV;GDP;TOT;USD_CAP;A;1996;917.761.791;
HRV;GDP;TOT;USD_CAP;A;1997;1.006.379.449;
HRV;GDP;TOT;USD_CAP;A;1998;1.048.529.659;
HRV;GDP;TOT;USD_CAP;A;1999;1.003.362.844;
HRV;GDP;TOT;USD_CAP;A;2000;1.107.593.505;
HRV;GDP;TOT;USD_CAP;A;2001;1.166.624.985;
HRV;GDP;TOT;USD_CAP;A;2002;1.266.290.723;
HRV;GDP;TOT;USD_CAP;A;2003;1.353.595.473;
HRV;GDP;TOT;USD_CAP;A;2004;1.449.713.734;
HRV;GDP;TOT;USD_CAP;A;2005;1.528.506.619;
HRV;GDP;TOT;USD_CAP;A;2006;1.740.638.046;
HRV;GDP;TOT;USD_CAP;A;2007;1.932.416.015;
HRV;GDP;TOT;USD_CAP;A;2008;208.314.774;
HRV;GDP;TOT;USD_CAP;A;2009;2.002.951.986;
HRV;GDP;TOT;USD_CAP;A;2010;1.977.624.268;
HRV;GDP;TOT;USD_CAP;A;2011;2.074.740.561;
HRV;GDP;TOT;USD_CAP;A;2012;2.114.919.536;
HRV;GDP;TOT;USD_CAP;A;2013;2.181.323.329;
HRV;GDP;TOT;USD_CAP;A;2014;2.208.924.741;
HRV;GDP;TOT;USD_CAP;A;2015;2.298.415.723;
HRV;GDP;TOT;USD_CAP;A;2016;2.453.569.366;
CYP;GDP;TOT;USD_CAP;A;1995;1.707.000.372;
CYP;GDP;TOT;USD_CAP;A;1996;1.729.809.788;
CYP;GDP;TOT;USD_CAP;A;1997;1.777.911.738;
CYP;GDP;TOT;USD_CAP;A;1998;1.875.817.329;
CYP;GDP;TOT;USD_CAP;A;1999;1.966.209.309;
CYP;GDP;TOT;USD_CAP;A;2000;2.129.221.628;
CYP;GDP;TOT;USD_CAP;A;2001;2.287.282.591;
CYP;GDP;TOT;USD_CAP;A;2002;2.355.693.877;
CYP;GDP;TOT;USD_CAP;A;2003;2.425.299.402;
CYP;GDP;TOT;USD_CAP;A;2004;259.210.935;
CYP;GDP;TOT;USD_CAP;A;2005;2.776.312.283;
CYP;GDP;TOT;USD_CAP;A;2006;2.998.436.546;
CYP;GDP;TOT;USD_CAP;A;2007;3.285.004.705;
CYP;GDP;TOT;USD_CAP;A;2008;348.239.535;
CYP;GDP;TOT;USD_CAP;A;2009;3.388.825.239;
CYP;GDP;TOT;USD_CAP;A;2010;3.323.061.491;
CYP;GDP;TOT;USD_CAP;A;2011;3.319.235.089;
CYP;GDP;TOT;USD_CAP;A;2012;3.191.474.942;
CYP;GDP;TOT;USD_CAP;A;2013;3.062.071.431;
CYP;GDP;TOT;USD_CAP;A;2014;303.904.603;
CYP;GDP;TOT;USD_CAP;A;2015;3.157.831.281;
CYP;GDP;TOT;USD_CAP;A;2016;3.368.242.407;
MLT;GDP;TOT;USD_CAP;A;1995;1.386.948.066;
MLT;GDP;TOT;USD_CAP;A;1996;1.457.556.127;
MLT;GDP;TOT;USD_CAP;A;1997;1.541.907.313;
MLT;GDP;TOT;USD_CAP;A;1998;1.607.958.698;
MLT;GDP;TOT;USD_CAP;A;1999;1.682.791.622;
MLT;GDP;TOT;USD_CAP;A;2000;1.829.122.238;
MLT;GDP;TOT;USD_CAP;A;2001;1.841.604.543;
MLT;GDP;TOT;USD_CAP;A;2002;195.864.042;
MLT;GDP;TOT;USD_CAP;A;2003;2.078.224.364;
MLT;GDP;TOT;USD_CAP;A;2004;2.134.185.627;
MLT;GDP;TOT;USD_CAP;A;2005;2.226.571.912;
MLT;GDP;TOT;USD_CAP;A;2006;2.322.741.045;
MLT;GDP;TOT;USD_CAP;A;2007;248.924.959;
MLT;GDP;TOT;USD_CAP;A;2008;2.619.323.036;
MLT;GDP;TOT;USD_CAP;A;2009;2.614.131.485;
MLT;GDP;TOT;USD_CAP;A;2010;2.781.150.461;
MLT;GDP;TOT;USD_CAP;A;2011;2.859.722.229;
MLT;GDP;TOT;USD_CAP;A;2012;2.944.152.973;
MLT;GDP;TOT;USD_CAP;A;2013;310.747.561;
MLT;GDP;TOT;USD_CAP;A;2014;3.334.554.666;
MLT;GDP;TOT;USD_CAP;A;2015;3.614.165.085;
MLT;GDP;TOT;USD_CAP;A;2016;3.831.244.702;
PER;GDP;TOT;USD_CAP;A;2007;8.094.796.648;
PER;GDP;TOT;USD_CAP;A;2008;890.519.766;
PER;GDP;TOT;USD_CAP;A;2009;8.969.960.922;
PER;GDP;TOT;USD_CAP;A;2010;9.725.916.416;
PER;GDP;TOT;USD_CAP;A;2011;1.043.587.132;
PER;GDP;TOT;USD_CAP;A;2012;1.115.405.192;
PER;GDP;TOT;USD_CAP;A;2013;11.863.962;P
PER;GDP;TOT;USD_CAP;A;2014;1.222.591.376;P
ROU;GDP;TOT;USD_CAP;A;1995;5.454.282.149;
ROU;GDP;TOT;USD_CAP;A;1996;57.793.114;
ROU;GDP;TOT;USD_CAP;A;1997;5.606.716.392;
ROU;GDP;TOT;USD_CAP;A;1998;5.582.847.844;
ROU;GDP;TOT;USD_CAP;A;1999;56.358.104;
ROU;GDP;TOT;USD_CAP;A;2000;5.880.027.482;
ROU;GDP;TOT;USD_CAP;A;2001;6.492.281.103;
ROU;GDP;TOT;USD_CAP;A;2002;7.197.289.004;
ROU;GDP;TOT;USD_CAP;A;2003;782.090.234;
ROU;GDP;TOT;USD_CAP;A;2004;9.131.028.129;
ROU;GDP;TOT;USD_CAP;A;2005;9.723.506.315;
ROU;GDP;TOT;USD_CAP;A;2006;1.168.758.137;
ROU;GDP;TOT;USD_CAP;A;2007;1.379.265.585;
ROU;GDP;TOT;USD_CAP;A;2008;1.672.666.673;
ROU;GDP;TOT;USD_CAP;A;2009;164.927.842;
ROU;GDP;TOT;USD_CAP;A;2010;1.696.641.435;
ROU;GDP;TOT;USD_CAP;A;2011;1.790.757.097;
ROU;GDP;TOT;USD_CAP;A;2012;1.892.953.064;B
ROU;GDP;TOT;USD_CAP;A;2013;1.979.228.145;
ROU;GDP;TOT;USD_CAP;A;2014;2.061.554.011;
ROU;GDP;TOT;USD_CAP;A;2015;2.162.716.076;
ROU;GDP;TOT;USD_CAP;A;2016;2.386.305.822;
MKD;GDP;TOT;USD_CAP;A;2000;615.267.377;E
MKD;GDP;TOT;USD_CAP;A;2001;6.052.425.616;E
MKD;GDP;TOT;USD_CAP;A;2002;639.518.274;E
MKD;GDP;TOT;USD_CAP;A;2003;6.588.175.479;E
MKD;GDP;TOT;USD_CAP;A;2004;7.165.458.647;E
MKD;GDP;TOT;USD_CAP;A;2005;7.848.910.192;E
MKD;GDP;TOT;USD_CAP;A;2006;868.123.662;E
MKD;GDP;TOT;USD_CAP;A;2007;9.341.944.994;E
MKD;GDP;TOT;USD_CAP;A;2008;1.052.189.866;E
MKD;GDP;TOT;USD_CAP;A;2009;1.101.223.941;E
MKD;GDP;TOT;USD_CAP;A;2010;1.136.008.941;E
MKD;GDP;TOT;USD_CAP;A;2011;1.168.991.256;E
MKD;GDP;TOT;USD_CAP;A;2012;1.191.569.772;E
MKD;GDP;TOT;USD_CAP;A;2013;1.272.731.987;E
MKD;GDP;TOT;USD_CAP;A;2014;1.343.478.213;E
MKD;GDP;TOT;USD_CAP;A;2015;1.389.196.842;E
MKD;GDP;TOT;USD_CAP;A;2016;1.487.234.666;E
ZMB;GDP;TOT;USD_CAP;A;2006;2.393.130.563;
ZMB;GDP;TOT;USD_CAP;A;2007;2.589.991.464;
ZMB;GDP;TOT;USD_CAP;A;2008;2.768.962.578;
ZMB;GDP;TOT;USD_CAP;A;2009;296.139.133;
ZMB;GDP;TOT;USD_CAP;A;2010;3.212.440.198;
ZMB;GDP;TOT;USD_CAP;A;2011;3.361.649.639;
ZMB;GDP;TOT;USD_CAP;A;2012;3.576.374.986;
ZMB;GDP;TOT;USD_CAP;A;2013;370.151.812;
ZMB;GDP;TOT;USD_CAP;A;2014;3.826.159.388;
ZMB;GDP;TOT;USD_CAP;A;2015;3.862.229.627;
